articulo_id,codigo,descripcion,color,umd
3870,BER401C,BERALKID ESMALTE ALQUIDALICO BLANCO OSTRA 19LT,Blanco,CUB 19LT
3871,BER401G,BERALKID ESMALTE ALQUIDALICO BLANCO OSTRA 4LT,Blanco,BOTE 4LT
3872,BER401L,BERALKID ESMALTE ALQUIDALICO BLANCO OSTRA 1LT,Blanco,BOTE 1LT
3873,BER401M,BERALKID ESMALTE ALQUIDALICO BLANCO OSTRA 0.5LT,Blanco,BOTE 0.5LT
3874,BER401Q,BERALKID ESMALTE ALQUIDALICO BLANCO OSTRA 0.25LT,Blanco,BOTE 0.25LT
3875,BER403C,BERALKID ESMALTE ALQUIDALICO CREMA 19LT,Crema,CUB 19LT
3876,BER403G,BERALKID ESMALTE ALQUIDALICO CREMA 4LT,Crema,BOTE 4LT
3877,BER403L,BERALKID ESMALTE ALQUIDALICO CREMA 1LT,Crema,BOTE 1LT
3878,BER403M,BERALKID ESMALTE ALQUIDALICO CREMA 0.5LT,Crema,BOTE 0.5LT
3879,BER403Q,BERALKID ESMALTE ALQUIDALICO CREMA 0.25LT,Crema,BOTE 0.25LT
3880,BER404G,BERALKID ESMALTE ALQUIDALICO AZUL ORGANICO 4LT,Azul,BOTE 4LT
3881,BER404L,BERALKID ESMALTE ALQUIDALICO AZUL ORGANICO 1LT,Azul,BOTE 1LT
3882,BER404M,BERALKID ESMALTE ALQUIDALICO AZUL ORGANICO 0.5LT,Azul,BOTE 0.5LT
3883,BER404Q,BERALKID ESMALTE ALQUIDALICO AZUL ORGANICO 0.25LT,Azul,BOTE 0.25LT
3884,BER405C,BERALKID ESMALTE ALQUIDALICO ROJO LADRILLO 19LT,Rojo,CUB 19LT
3885,BER405G,BERALKID ESMALTE ALQUIDALICO ROJO LADRILLO 4LT,Rojo,BOTE 4LT
3886,BER405L,BERALKID ESMALTE ALQUIDALICO ROJO LADRILLO 1LT,Rojo,BOTE 1LT
3887,BER405M,BERALKID ESMALTE ALQUIDALICO ROJO LADRILLO 0.5LT,Rojo,BOTE 0.5LT
3888,BER405Q,BERALKID ESMALTE ALQUIDALICO ROJO LADRILLO 0.25LT,Rojo,BOTE 0.25LT
3889,BER408C,BERALKID ESMALTE ALQUIDALICO VERDE JARDIN 19LT,Verde,CUB 19LT
3890,BER408G,BERALKID ESMALTE ALQUIDALICO VERDE JARDIN 4LT,Verde,BOTE 4LT
3891,BER408L,BERALKID ESMALTE ALQUIDALICO VERDE JARDIN 1LT,Verde,BOTE 1LT
3892,BER408M,BERALKID ESMALTE ALQUIDALICO VERDE JARDIN 0.5LT,Verde,BOTE 0.5LT
3893,BER408Q,BERALKID ESMALTE ALQUIDALICO VERDE JARDIN 0.25LT,Verde,BOTE 0.25LT
3894,BER409C,BERALKID ESMALTE ALQUIDALICO VERDE NILO 19LT,Verde,CUB 19LT
3895,BER409G,BERALKID ESMALTE ALQUIDALICO VERDE NILO 4LT,Verde,BOTE 4LT
3896,BER409L,BERALKID ESMALTE ALQUIDALICO VERDE NILO 1LT,Verde,BOTE 1LT
3897,BER409M,BERALKID ESMALTE ALQUIDALICO VERDE NILO 0.5LT,Verde,BOTE 0.5LT
3898,BER409Q,BERALKID ESMALTE ALQUIDALICO VERDE NILO 0.25LT,Verde,BOTE 0.25LT
3899,BER410C,BERALKID ESMALTE ALQUIDALICO MARFIL 19LT,Marfil,CUB 19LT
3900,BER410G,BERALKID ESMALTE ALQUIDALICO MARFIL 4LT,Marfil,BOTE 4LT
3901,BER410L,BERALKID ESMALTE ALQUIDALICO MARFIL 1LT,Marfil,BOTE 1LT
3902,BER410M,BERALKID ESMALTE ALQUIDALICO MARFIL 0.5LT,Marfil,BOTE 0.5LT
3903,BER410Q,BERALKID ESMALTE ALQUIDALICO MARFIL 0.25LT,Marfil,BOTE 0.25LT
3904,BER412C,BERALKID ESMALTE ALQUIDALICO CASTA•O 19LT,Casta§o,CUB 19LT
3905,BER412G,BERALKID ESMALTE ALQUIDALICO CASTA•O 4LT,Casta§o,BOTE 4LT
3906,BER412L,BERALKID ESMALTE ALQUIDALICO CASTA•O 1LT,Casta§o,BOTE 1LT
3907,BER412M,BERALKID ESMALTE ALQUIDALICO CASTA•O 0.5LT,Casta§o,BOTE 0.5LT
3908,BER412Q,BERALKID ESMALTE ALQUIDALICO CASTA•O 0.25LT,Casta§o,BOTE 0.25LT
3909,BER415C,BERALKID ESMALTE ALQUIDALICO GRIS PERLA 19LT,Gris,CUB 19LT
3910,BER415G,BERALKID ESMALTE ALQUIDALICO GRIS PERLA 4LT,Gris,BOTE 4LT
3911,BER415L,BERALKID ESMALTE ALQUIDALICO GRIS PERLA 1LT,Gris,BOTE 1LT
3912,BER415M,BERALKID ESMALTE ALQUIDALICO GRIS PERLA 0.5LT,Gris,BOTE 0.5LT
3913,BER415Q,BERALKID ESMALTE ALQUIDALICO GRIS PERLA 0.25LT,Gris,BOTE 0.25LT
3914,BER417C,BERALKID ESMALTE ALQUIDALICO AMARILLO CROMO 19LT,Amarillo,CUB 19LT
3915,BER417G,BERALKID ESMALTE ALQUIDALICO AMARILLO CROMO 4LT,Amarillo,BOTE 4LT
3916,BER417L,BERALKID ESMALTE ALQUIDALICO AMARILLO CROMO 1LT,Amarillo,BOTE 1LT
3917,BER417M,BERALKID ESMALTE ALQUIDALICO AMARILLO CROMO 0.5LT,Amarillo,BOTE 0.5LT
3918,BER417Q,BERALKID ESMALTE ALQUIDALICO AMARILLO CROMO 0.25LT,Amarillo,BOTE 0.25LT
3919,BER420C,BERALKID ESMALTE ALQUIDALICO BERMELLON 19LT,Bermellon,CUB 19LT
3920,BER420G,BERALKID ESMALTE ALQUIDALICO BERMELLON 4LT,Bermellon,BOTE 4LT
3921,BER420L,BERALKID ESMALTE ALQUIDALICO BERMELLON 1LT,Bermellon,BOTE 1LT
3922,BER420M,BERALKID ESMALTE ALQUIDALICO BERMELLON 0.5LT,Bermellon,BOTE 0.5LT
3923,BER420Q,BERALKID ESMALTE ALQUIDALICO BERMELLON 0.25LT,Bermellon,BOTE 0.25LT
3924,BER421C,BERALKID ESMALTE ALQUIDALICO NARANJA 19LT,Naranja,CUB 19LT
3925,BER421G,BERALKID ESMALTE ALQUIDALICO NARANJA 4LT,Naranja,BOTE 4LT
3926,BER421L,BERALKID ESMALTE ALQUIDALICO NARANJA 1LT,Naranja,BOTE 1LT
3927,BER421M,BERALKID ESMALTE ALQUIDALICO NARANJA 0.5LT,Naranja,BOTE 0.5LT
3928,BER421Q,BERALKID ESMALTE ALQUIDALICO NARANJA 0.25LT,Naranja,BOTE 0.25LT
3929,BER423C,BERALKID ESMALTE ALQUIDALICO BLANCO 19LT,Blanco,CUB 19LT
3930,BER423G,BERALKID ESMALTE ALQUIDALICO BLANCO 4LT,Blanco,BOTE 4LT
3931,BER423L,BERALKID ESMALTE ALQUIDALICO BLANCO 1LT,Blanco,BOTE 1LT
3932,BER423M,BERALKID ESMALTE ALQUIDALICO BLANCO 0.5LT,Blanco,BOTE 0.5LT
3933,BER423Q,BERALKID ESMALTE ALQUIDALICO BLANCO 0.25LT,Blanco,BOTE 0.25LT
3934,BER424C,BERALKID ESMALTE ALQUIDALICO NEGRO 19LT,Negro,CUB 19LT
3935,BER424G,BERALKID ESMALTE ALQUIDALICO NEGRO 4LT,Negro,BOTE 4LT
3936,BER424L,BERALKID ESMALTE ALQUIDALICO NEGRO 1LT,Negro,BOTE 1LT
3937,BER424M,BERALKID ESMALTE ALQUIDALICO NEGRO 0.5LT,Negro,BOTE 0.5LT
3938,BER424Q,BERALKID ESMALTE ALQUIDALICO NEGRO 0.25LT,Negro,BOTE 0.25LT
3939,BER427C,BERALKID ESMALTE ALQUIDALICO TURQUESA 19LT,Turquesa,CUB 19LT
3940,BER427G,BERALKID ESMALTE ALQUIDALICO TURQUESA 4LT,Turquesa,BOTE 4LT
3941,BER427L,BERALKID ESMALTE ALQUIDALICO TURQUESA 1LT,Turquesa,BOTE 1LT
3942,BER427M,BERALKID ESMALTE ALQUIDALICO TURQUESA 0.5LT,Turquesa,BOTE 0.5LT
3943,BER427Q,BERALKID ESMALTE ALQUIDALICO TURQUESA 0.25LT,Turquesa,BOTE 0.25LT
3944,BER430C,BERALKID ESMALTE ALQUIDALICO AZUL REGIO 19LT,Azul,CUB 19LT
3945,BER430G,BERALKID ESMALTE ALQUIDALICO AZUL REGIO 4LT,Azul,BOTE 4LT
3946,BER430L,BERALKID ESMALTE ALQUIDALICO AZUL REGIO 1LT,Azul,BOTE 1LT
3947,BER430M,BERALKID ESMALTE ALQUIDALICO AZUL REGIO 0.5LT,Azul,BOTE 0.5LT
3948,BER430Q,BERALKID ESMALTE ALQUIDALICO AZUL REGIO 0.25LT,Azul,BOTE 0.25LT
3949,BER433C,BERALKID ESMALTE ALQUIDALICO OCRE 19LT,Ocre,CUB 19LT
3950,BER433G,BERALKID ESMALTE ALQUIDALICO OCRE 4LT,Ocre,BOTE 4LT
3951,BER433L,BERALKID ESMALTE ALQUIDALICO OCRE 1LT,Ocre,BOTE 1LT
3952,BER433M,BERALKID ESMALTE ALQUIDALICO OCRE 0.5LT,Ocre,BOTE 0.5LT
3953,BER433Q,BERALKID ESMALTE ALQUIDALICO OCRE 0.25LT,Ocre,BOTE 0.25LT
3954,BER434C,BERALKID ESMALTE ALQUIDALICO AZUL CIELO 19LT,Azul,CUB 19LT
3955,BER434G,BERALKID ESMALTE ALQUIDALICO AZUL CIELO 4LT,Azul,BOTE 4LT
3956,BER434L,BERALKID ESMALTE ALQUIDALICO AZUL CIELO 1LT,Azul,BOTE 1LT
3957,BER434M,BERALKID ESMALTE ALQUIDALICO AZUL CIELO 0.5LT,Azul,BOTE 0.5LT
3958,BER434Q,BERALKID ESMALTE ALQUIDALICO AZUL CIELO 0.25LT,Azul,BOTE 0.25LT
3959,BER436C,BERALKID ESMALTE ALQUIDALICO AMARILLO HOLANDA 19LT,Amarillo,CUB 19LT
3960,BER436G,BERALKID ESMALTE ALQUIDALICO AMARILLO HOLANDA 4LT,Amarillo,BOTE 4LT
3961,BER436L,BERALKID ESMALTE ALQUIDALICO AMARILLO HOLANDA 1LT,Amarillo,BOTE 1LT
3962,BER436M,BERALKID ESMALTE ALQUIDALICO AMARILLO HOLANDA 0.5LT,Amarillo,BOTE 0.5LT
3963,BER436Q,BERALKID ESMALTE ALQUIDALICO AMARILLO HOLANDA 0.25LT,Amarillo,BOTE 0.25LT
3964,BER438G,BERALKID ESMALTE ALQUIDALICO VERDE ORGANICO 4LT,Verde,BOTE 4LT
3965,BER438L,BERALKID ESMALTE ALQUIDALICO VERDE ORGANICO 1LT,Verde,BOTE 1LT
3966,BER438M,BERALKID ESMALTE ALQUIDALICO VERDE ORGANICO 0.5LT,Verde,BOTE 0.5LT
3967,BER438Q,BERALKID ESMALTE ALQUIDALICO VERDE ORGANICO 0.25LT,Verde,BOTE 0.25LT
3968,BER443C,BERALKID ESMALTE ALQUIDALICO OSTION 19LT,Ostion,CUB 19LT
3969,BER443G,BERALKID ESMALTE ALQUIDALICO OSTION 4LT,Ostion,BOTE 4LT
3970,BER443L,BERALKID ESMALTE ALQUIDALICO OSTION 1LT,Ostion,BOTE 1LT
3971,BER443M,BERALKID ESMALTE ALQUIDALICO OSTION 0.5LT,Ostion,BOTE 0.5LT
3972,BER443Q,BERALKID ESMALTE ALQUIDALICO OSTION 0.25LT,Ostion,BOTE 0.25LT
3973,BER445G,BERALKID ESMALTE ALQUIDALICO VIOLETA 4LT,Violeta,BOTE 4LT
3974,BER445L,BERALKID ESMALTE ALQUIDALICO VIOLETA 1LT,Violeta,BOTE 1LT
3975,BER445M,BERALKID ESMALTE ALQUIDALICO VIOLETA 0.5LT,Violeta,BOTE 0.5LT
3976,BER445Q,BERALKID ESMALTE ALQUIDALICO VIOLETA 0.25LT,Violeta,BOTE 0.25LT
3977,BER3401C,MULTITONO ESMALTE ALQUIDALICO BASE PASTEL 19LT,Base Pastel,CUB 19LT
3978,BER3401G,MULTITONO ESMALTE ALQUIDALICO BASE PASTEL 4LT,Base Pastel,BOTE 4LT
3979,BER3401L,MULTITONO ESMALTE ALQUIDALICO BASE PASTEL 1LT,Base Pastel,BOTE 1LT
3980,BER3402C,MULTITONO ESMALTE ALQUIDALICO BASE TINT 19 L,Base Tinto,CUB 19 L
3981,BER3402G,MULTITONO ESMALTE ALQUIDALICO BASE TINT 4LT,Base Tinto,BOTE 4LT
3982,BER3402L,MULTITONO ESMALTE ALQUIDALICO BASE TINT 1LT,Base Tinto,BOTE 1LT
3983,BER617C,SUMMA ESMALTE ALQUIDALICO AMARILLO CROMO 19LT,Amarillo,CUB 19LT
3984,BER617G,SUMMA ESMALTE ALQUIDALICO AMARILLO CROMO 4LT,Amarillo,BOTE 4LT
3985,BER617L,SUMMA ESMALTE ALQUIDALICO AMARILLO CROMO 1LT,Amarillo,BOTE 1LT
3986,BER617M,SUMMA ESMALTE ALQUIDALICO AMARILLO CROMO 0.5LT,Amarillo,BOTE 0.5LT
3987,BER617Q,SUMMA ESMALTE ALQUIDALICO AMARILLO CROMO 0.25LT,Amarillo,BOTE 0.25LT
3988,BER612C,SUMMA ESMALTE ALQUIDALICO CASTA•O 19LT,Casta§o,CUB 19LT
3989,BER612G,SUMMA ESMALTE ALQUIDALICO CASTA•O 4LT,Casta§o,BOTE 4LT
3990,BER612L,SUMMA ESMALTE ALQUIDALICO CASTA•O 1LT,Casta§o,BOTE 1LT
3991,BER612M,SUMMA ESMALTE ALQUIDALICO CASTA•O 0.5LT,Casta§o,BOTE 0.5LT
3992,BER612Q,SUMMA ESMALTE ALQUIDALICO CASTA•O 0.25LT,Casta§o,BOTE 0.25LT
3993,BER605C,SUMMA ESMALTE ALQUIDALICO ROJO LADRILLO 19LT,Rojo,CUB 19LT
3994,BER605G,SUMMA ESMALTE ALQUIDALICO ROJO LADRILLO 4LT,Rojo,BOTE 4LT
3995,BER605L,SUMMA ESMALTE ALQUIDALICO ROJO LADRILLO 1LT,Rojo,BOTE 1LT
3996,BER605M,SUMMA ESMALTE ALQUIDALICO ROJO LADRILLO 0.5LT,Rojo,BOTE 0.5LT
3997,BER605Q,SUMMA ESMALTE ALQUIDALICO ROJO LADRILLO 0.25LT,Rojo,BOTE 0.25LT
3998,BER620C,SUMMA ESMALTE ALQUIDALICO BERMELLON 19LT,Bermellon,CUB 19LT
3999,BER620G,SUMMA ESMALTE ALQUIDALICO BERMELLON 4LT,Bermellon,BOTE 4LT
4000,BER620L,SUMMA ESMALTE ALQUIDALICO BERMELLON 1LT,Bermellon,BOTE 1LT
4001,BER620M,SUMMA ESMALTE ALQUIDALICO BERMELLON 0.5LT,Bermellon,BOTE 0.5LT
4002,BER620Q,SUMMA ESMALTE ALQUIDALICO BERMELLON 0.25LT,Bermellon,BOTE 0.25LT
4003,BER621C,SUMMA ESMALTE ALQUIDALICO NARANJA 19LT,Naranja,CUB 19LT
4004,BER621G,SUMMA ESMALTE ALQUIDALICO NARANJA 4LT,Naranja,BOTE 4LT
4005,BER621L,SUMMA ESMALTE ALQUIDALICO NARANJA 1LT,Naranja,BOTE 1LT
4006,BER621M,SUMMA ESMALTE ALQUIDALICO NARANJA 0.5LT,Naranja,BOTE 0.5LT
4007,BER621Q,SUMMA ESMALTE ALQUIDALICO NARANJA 0.25LT,Naranja,BOTE 0.25LT
4008,BER633C,SUMMA ESMALTE ALQUIDALICO OCRE 19LT,Ocre,CUB 19LT
4009,BER633G,SUMMA ESMALTE ALQUIDALICO OCRE 4LT,Ocre,BOTE 4LT
4010,BER633L,SUMMA ESMALTE ALQUIDALICO OCRE 1LT,Ocre,BOTE 1LT
4011,BER633M,SUMMA ESMALTE ALQUIDALICO OCRE 0.5LT,Ocre,BOTE 0.5LT
4012,BER633Q,SUMMA ESMALTE ALQUIDALICO OCRE 0.25LT,Ocre,BOTE 0.25LT
4013,BER616C,SUMMA ESMALTE ALQUIDALICO AMARILLO LIMON 19LT,Amarillo,CUB 19LT
4014,BER616G,SUMMA ESMALTE ALQUIDALICO AMARILLO LIMON 4LT,Amarillo,BOTE 4LT
4015,BER616L,SUMMA ESMALTE ALQUIDALICO AMARILLO LIMON 1LT,Amarillo,BOTE 1LT
4016,BER616M,SUMMA ESMALTE ALQUIDALICO AMARILLO LIMON 0.5LT,Amarillo,BOTE 0.5LT
4017,BER616Q,SUMMA ESMALTE ALQUIDALICO AMARILLO LIMON 0.25LT,Amarillo,BOTE 0.25LT
4018,BER610C,SUMMA ESMALTE ALQUIDALICO MARFIL 19LT,Marfil,CUB 19LT
4019,BER610G,SUMMA ESMALTE ALQUIDALICO MARFIL 4LT,Marfil,BOTE 4LT
4020,BER610L,SUMMA ESMALTE ALQUIDALICO MARFIL 1LT,Marfil,BOTE 1LT
4021,BER610M,SUMMA ESMALTE ALQUIDALICO MARFIL 0.5LT,Marfil,BOTE 0.5LT
4022,BER610Q,SUMMA ESMALTE ALQUIDALICO MARFIL 0.25LT,Marfil,BOTE 0.25LT
4023,BER608C,SUMMA ESMALTE ALQUIDALICO VERDE JARDIN 19LT,Verde,CUB 19LT
4024,BER608G,SUMMA ESMALTE ALQUIDALICO VERDE JARDIN 4LT,Verde,BOTE 4LT
4025,BER608L,SUMMA ESMALTE ALQUIDALICO VERDE JARDIN 1LT,Verde,BOTE 1LT
4026,BER608M,SUMMA ESMALTE ALQUIDALICO VERDE JARDIN 0.5LT,Verde,BOTE 0.5LT
4027,BER608Q,SUMMA ESMALTE ALQUIDALICO VERDE JARDIN 0.25LT,Verde,BOTE 0.25LT
4028,BER619C,SUMMA ESMALTE ALQUIDALICO VERDE CA•A 19LT,Verde,CUB 19LT
4029,BER619G,SUMMA ESMALTE ALQUIDALICO VERDE CA•A 4LT,Verde,BOTE 4LT
4030,BER619L,SUMMA ESMALTE ALQUIDALICO VERDE CA•A 1LT,Verde,BOTE 1LT
4031,BER619M,SUMMA ESMALTE ALQUIDALICO VERDE CA•A 0.5LT,Verde,BOTE 0.5LT
4032,BER619Q,SUMMA ESMALTE ALQUIDALICO VERDE CA•A 0.25LT,Verde,BOTE 0.25LT
4033,BER647C,SUMMA ESMALTE ALQUIDALICO AGUAMARINA 19LT,Aguamarina,CUB 19LT
4034,BER647G,SUMMA ESMALTE ALQUIDALICO AGUAMARINA 4LT,Aguamarina,BOTE 4LT
4035,BER647L,SUMMA ESMALTE ALQUIDALICO AGUAMARINA 1LT,Aguamarina,BOTE 1LT
4036,BER647M,SUMMA ESMALTE ALQUIDALICO AGUAMARINA 0.5LT,Aguamarina,BOTE 0.5LT
4037,BER647Q,SUMMA ESMALTE ALQUIDALICO AGUAMARINA 0.25LT,Aguamarina,BOTE 0.25LT
4038,BER643C,SUMMA ESMALTE ALQUIDALICO BLANCO OSTION 19LT,Blanco,CUB 19LT
4039,BER643G,SUMMA ESMALTE ALQUIDALICO BLANCO OSTION 4LT,Blanco,BOTE 4LT
4040,BER643L,SUMMA ESMALTE ALQUIDALICO BLANCO OSTION 1LT,Blanco,BOTE 1LT
4041,BER643M,SUMMA ESMALTE ALQUIDALICO BLANCO OSTION 0.5LT,Blanco,BOTE 0.5LT
4042,BER643Q,SUMMA ESMALTE ALQUIDALICO BLANCO OSTION 0.25LT,Blanco,BOTE 0.25LT
4043,BER614C,SUMMA ESMALTE ALQUIDALICO AZUL OBSCURO 19LT,Azul,CUB 19LT
4044,BER614G,SUMMA ESMALTE ALQUIDALICO AZUL OBSCURO 4LT,Azul,BOTE 4LT
4045,BER614L,SUMMA ESMALTE ALQUIDALICO AZUL OBSCURO 1LT,Azul,BOTE 1LT
4046,BER614M,SUMMA ESMALTE ALQUIDALICO AZUL OBSCURO 0.5LT,Azul,BOTE 0.5LT
4047,BER614Q,SUMMA ESMALTE ALQUIDALICO AZUL OBSCURO 0.25LT,Azul,BOTE 0.25LT
4048,BER630C,SUMMA ESMALTE ALQUIDALICO AZUL MEDIANO 19LT,Azul,CUB 19LT
4049,BER630G,SUMMA ESMALTE ALQUIDALICO AZUL MEDIANO 4LT,Azul,BOTE 4LT
4050,BER630L,SUMMA ESMALTE ALQUIDALICO AZUL MEDIANO 1LT,Azul,BOTE 1LT
4051,BER630M,SUMMA ESMALTE ALQUIDALICO AZUL MEDIANO 0.5LT,Azul,BOTE 0.5LT
4052,BER630Q,SUMMA ESMALTE ALQUIDALICO AZUL MEDIANO 0.25LT,Azul,BOTE 0.25LT
4053,BER634C,SUMMA ESMALTE ALQUIDALICO AZUL CIELO 19LT,Azul,CUB 19LT
4054,BER634G,SUMMA ESMALTE ALQUIDALICO AZUL CIELO 4LT,Azul,BOTE 4LT
4055,BER634L,SUMMA ESMALTE ALQUIDALICO AZUL CIELO 1LT,Azul,BOTE 1LT
4056,BER634M,SUMMA ESMALTE ALQUIDALICO AZUL CIELO 0.5LT,Azul,BOTE 0.5LT
4057,BER634Q,SUMMA ESMALTE ALQUIDALICO AZUL CIELO 0.25LT,Azul,BOTE 0.25LT
4058,BER615C,SUMMA ESMALTE ALQUIDALICO GRIS PERLA 19LT,Gris,CUB 19LT
4059,BER615G,SUMMA ESMALTE ALQUIDALICO GRIS PERLA 4LT,Gris,BOTE 4LT
4060,BER615L,SUMMA ESMALTE ALQUIDALICO GRIS PERLA 1LT,Gris,BOTE 1LT
4061,BER615M,SUMMA ESMALTE ALQUIDALICO GRIS PERLA 0.5LT,Gris,BOTE 0.5LT
4062,BER615Q,SUMMA ESMALTE ALQUIDALICO GRIS PERLA 0.25LT,Gris,BOTE 0.25LT
4063,BER601C,SUMMA ESMALTE ALQUIDALICO OSTRA 19LT,Ostra,CUB 19LT
4064,BER601G,SUMMA ESMALTE ALQUIDALICO OSTRA 4LT,Ostra,BOTE 4LT
4065,BER601L,SUMMA ESMALTE ALQUIDALICO OSTRA 1LT,Ostra,BOTE 1LT
4066,BER601M,SUMMA ESMALTE ALQUIDALICO OSTRA 0.5LT,Ostra,BOTE 0.5LT
4067,BER601Q,SUMMA ESMALTE ALQUIDALICO OSTRA 0.25LT,Ostra,BOTE 0.25LT
4068,BER602C,SUMMA ESMALTE ALQUIDALICO CREMA COLONIAL 19LT,Crema,CUB 19LT
4069,BER602G,SUMMA ESMALTE ALQUIDALICO CREMA COLONIAL 4LT,Crema,BOTE 4LT
4070,BER602L,SUMMA ESMALTE ALQUIDALICO CREMA COLONIAL 1LT,Crema,BOTE 1LT
4071,BER602M,SUMMA ESMALTE ALQUIDALICO CREMA COLONIAL 0.5LT,Crema,BOTE 0.5LT
4072,BER602Q,SUMMA ESMALTE ALQUIDALICO CREMA COLONIAL 0.25LT,Crema,BOTE 0.25LT
4073,BER673C,SUMMA ESMALTE SATINADO BLANCO 19LT,Blanco,CUB 19LT
4074,BER673G,SUMMA ESMALTE SATINADO BLANCO 4LT,Blanco,BOTE 4LT
4075,BER673L,SUMMA ESMALTE SATINADO BLANCO 1LT,Blanco,BOTE 1LT
4076,BER673M,SUMMA ESMALTE SATINADO BLANCO 0.5LT,Blanco,BOTE 0.5LT
4077,BER674C,SUMMA ESMALTE NEGRO MATE 19LT,Negro,CUB 19LT
4078,BER674G,SUMMA ESMALTE NEGRO MATE 4LT,Negro,BOTE 4LT
4079,BER674L,SUMMA ESMALTE NEGRO MATE 1LT,Negro,BOTE 1LT
4080,BER674M,SUMMA ESMALTE NEGRO MATE 0.5LT,Negro,BOTE 0.5LT
4081,BER674Q,SUMMA ESMALTE NEGRO MATE 0.25LT,Negro,BOTE 0.25LT
4082,BER624C,SUMMA ESMALTE NEGRO 19LT,Negro,CUB 19LT
4083,BER624G,SUMMA ESMALTE NEGRO 4LT,Negro,BOTE 4LT
4084,BER624L,SUMMA ESMALTE NEGRO 1LT,Negro,BOTE 1LT
4085,BER624M,SUMMA ESMALTE NEGRO 0.5LT,Negro,BOTE 0.5LT
4086,BER624Q,SUMMA ESMALTE NEGRO 0.25LT,Negro,BOTE 0.25LT
4087,BER150T,ALUMINIO PARA EXTERIORES 200LT,NULL,TAM 200LT
4088,BER150C,ALUMINIO PARA EXTERIORES 19LT,NULL,CUB 19LT
4089,BER150G,ALUMINIO PARA EXTERIORES 4LT,NULL,BOTE 4LT
4090,BER150L,ALUMINIO PARA EXTERIORES 1LT,NULL,BOTE 1LT
4091,BER150M,ALUMINIO PARA EXTERIORES 0.5LT,NULL,BOTE 0.5LT
4092,BER150Q,ALUMINIO PARA EXTERIORES 0.25LT,NULL,BOTE 0.25LT
4093,BER9150C,ALUMINIO ALTA TEMPERATURA 19LT,NULL,CUB 19LT
4094,BER9150G,ALUMINIO ALTA TEMPERATURA 4LT,NULL,BOTE 4LT
4095,BER6101L,ESMALTE METALICO ORO RICO 1LT,Oro,BOTE 1LT
4096,BER6101M,ESMALTE METALICO ORO RICO 0.5LT,Oro,BOTE 0.5LT
4097,BER6101Q,ESMALTE METALICO ORO RICO 0.25LT,Oro,BOTE 0.25LT
4098,BER6102L,ESMALTE METALICO ORO PALIDO 1LT,Oro,BOTE 1LT
4099,BER6102M,ESMALTE METALICO ORO PALIDO 0.5LT,Oro,BOTE 0.5LT
4100,BER6102Q,ESMALTE METALICO ORO PALIDO 0.25LT,Oro,BOTE 0.25LT
4101,BER6103L,ESMALTE METALICO COBRE 1LT,Cobre,BOTE 1LT
4102,BER6103M,ESMALTE METALICO COBRE 0.5LT,Cobre,BOTE 0.5LT
4103,BER6103Q,ESMALTE METALICO COBRE 0.25LT,Cobre,BOTE 0.25LT
4104,BER908C,ESMALTE VERDE JD 19LT,Verde,CUB 19LT
4105,BER908G,ESMALTE VERDE JD 4LT,Verde,BOTE 4LT
4106,BER908L,ESMALTE VERDE JD 1LT,Verde,BOTE 1LT
4107,BER916C,ESMALTE AMARILLO JD 19LT,Amarillo,CUB 19LT
4108,BER916G,ESMALTE AMARILLO JD 4LT,Amarillo,BOTE 4LT
4109,BER916L,ESMALTE AMARILLO JD 1LT,Amarillo,BOTE 1LT
4110,BER936C,ESMALTE AMARILLO CATERPILLAR 19LT,Amarillo,CUB 19LT
4111,BER936G,ESMALTE AMARILLO CATERPILLAR 4LT,Amarillo,BOTE 4LT
4112,BER936L,ESMALTE AMARILLO CATERPILLAR 1LT,Amarillo,BOTE 1LT
4113,BER5423C,ESMALTE SEMI-INDUSTRIAL BLANCO SECADO ULTRA RAPIDO 19LT,Blanco,CUB 19LT
4114,BER5473C,ESMALTE DRY FOG BLANCO MATE 19LT,Blanco,CUB 19LT
4115,BER4273C,DRY FOG BASE AGUA BLANCO 19LT,Blanco,CUB 19LT
4116,BER4223C,BIOMETAL ESMALTE BASE AGUA BLANCO/BASE PASTEL 19LT,Blanco,CUB 19LT
4117,BER4223G,BIOMETAL ESMALTE BASE AGUA BLANCO/BASE PASTEL 4LT,Blanco,BOTE 4LT
4118,BER4223L,BIOMETAL ESMALTE BASE AGUA BLANCO/BASE PASTEL 1LT,Blanco,BOTE 1LT
4119,BER4202C,BIOMETAL ESMALTE BASE AGUA BASE TINT 19LT,Base Tinto,CUB 19LT
4120,BER4202G,BIOMETAL ESMALTE BASE AGUA BASE TINT 4LT,Base Tinto,BOTE 4LT
4121,BER4202L,BIOMETAL ESMALTE BASE AGUA BASE TINT 1LT,Base Tinto,BOTE 1LT
4122,BER17T,PINTURA PARA TRANSITO AMARILLO 200LT,Amarillo,TAM 200LT
4123,BER17C,PINTURA PARA TRANSITO AMARILLO 19LT,Amarillo,CUB 19LT
4124,BER17G,PINTURA PARA TRANSITO AMARILLO 4LT,Amarillo,BOTE 4LT
4125,BER23T,PINTURA PARA TRANSITO BLANCO 200LT,Blanco,TAM 200LT
4126,BER23C,PINTURA PARA TRANSITO BLANCO 19LT,Blanco,CUB 19LT
4127,BER23G,PINTURA PARA TRANSITO BLANCO 4LT,Blanco,BOTE 4LT
4128,BER5505C,FONDO ANTICORROSIVO NOXID 19LT,NULL,CUB 19LT
4129,BER5505G,FONDO ANTICORROSIVO NOXID 4LT,NULL,BOTE 4LT
4130,BER5505L,FONDO ANTICORROSIVO NOXID 1LT,NULL,BOTE 1LT
4131,BER5505M,FONDO ANTICORROSIVO NOXID 0.5LT,NULL,BOTE 0.5LT
4132,BER5525C,FONDO ANTICORROSIVO GRIS 19LT,Gris,CUB 19LT
4133,BER5525G,FONDO ANTICORROSIVO GRIS 4LT,Gris,BOTE 4LT
4134,BER5525L,FONDO ANTICORROSIVO GRIS 1LT,Gris,BOTE 1LT
4135,BER3151C,SUPER FORMULA MANO TALLER ROJO OXIDO 19LT,Rojo,CUB 19LT
4136,BER3151G,SUPER FORMULA MANO TALLER ROJO OXIDO 4LT,Rojo,BOTE 4LT
4137,BER3152C,SUPER FORMULA MANO TALLER GRIS 19LT,Gris,CUB 19LT
4138,BER3152G,SUPER FORMULA MANO TALLER GRIS 4LT,Gris,BOTE 4LT
4139,BER1030C,REDUCTOR 1030 19LT,NULL,CUB 19LT
4140,BER1030G,REDUCTOR 1030 4LT,NULL,BOTE 4LT
4141,BER1030L,REDUCTOR 1030 1LT,NULL,BOTE 1LT
4142,BER1060C,REDUCTOR 1060 19LT,NULL,CUB 19LT
4143,BER1060G,REDUCTOR 1060 4LT,NULL,BOTE 4LT
4144,BER1060L,REDUCTOR 1060 1LT,NULL,BOTE 1LT
4145,BER1090C,REDUCTOR 1090 19LT,NULL,CUB 19LT
4146,BER1090G,REDUCTOR 1090 4LT,NULL,BOTE 4LT
4147,BER1090L,REDUCTOR 1090 1LT,NULL,BOTE 1LT
4148,BER1025L,REMOVEDOR BEREL LTO,NULL,950 ML
4149,BER1070G,MATIZANTE PARA ESMALTE 4LT,NULL,BOTE 4LT
4150,BER1070L,MATIZANTE PARA ESMALTE 1LT,NULL,BOTE 1LT
4151,BER1523C,PINTURA PARA ALBERCA BLANCO 19LT,Blanco,CUB 19LT
4152,BER1523G,PINTURA PARA ALBERCA BLANCO 4LT,Blanco,BOTE 4LT
4153,BER1513C,PINTURA PARA ALBERCA AZUL CELESTE 19LT,Azul,CUB 19LT
4154,BER1513G,PINTURA PARA ALBERCA AZUL CELESTE 4LT,Azul,BOTE 4LT
4155,BER1527C,PINTURA PARA ALBERCA AQUA 19LT,Aqua,CUB 19LT
4156,BER1527G,PINTURA PARA ALBERCA AQUA 4LT,Aqua,BOTE 4LT
4157,BER1400C,BERALKID BARNIZ ALQUIDALICO TRANSPARENTE 19LT,Transparente,CUB 19LT
4158,BER1400G,BERALKID BARNIZ ALQUIDALICO TRANSPARENTE 4LT,Transparente,BOTE 4LT
4159,BER1400L,BERALKID BARNIZ ALQUIDALICO TRANSPARENTE 1LT,Transparente,BOTE 1LT
4160,BER1400M,BERALKID BARNIZ ALQUIDALICO TRANSPARENTE 0.5LT,Transparente,BOTE 0.5LT
4161,BER1400Q,BERALKID BARNIZ ALQUIDALICO TRANSPARENTE 0.25LT,Transparente,BOTE 0.25LT
4162,BER1403G,BERALKID BARNIZ ALQUIDALICO ROBLE CLARO 4LT,Roble,BOTE 4LT
4163,BER1403L,BERALKID BARNIZ ALQUIDALICO ROBLE CLARO 1LT,Roble,BOTE 1LT
4164,BER1403M,BERALKID BARNIZ ALQUIDALICO ROBLE CLARO 0.5LT,Roble,BOTE 0.5LT
4165,BER1403Q,BERALKID BARNIZ ALQUIDALICO ROBLE CLARO 0.25LT,Roble,BOTE 0.25LT
4166,BER1412G,BERALKID BARNIZ ALQUIDALICO NOGAL 4LT,Nogal,BOTE 4LT
4167,BER1412L,BERALKID BARNIZ ALQUIDALICO NOGAL 1LT,Nogal,BOTE 1LT
4168,BER1412M,BERALKID BARNIZ ALQUIDALICO NOGAL 0.5LT,Nogal,BOTE 0.5LT
4169,BER1412Q,BERALKID BARNIZ ALQUIDALICO NOGAL 0.25LT,Nogal,BOTE 0.25LT
4170,BER1416G,BERALKID BARNIZ ALQUIDALICO MAPLE 4LT,Maple,BOTE 4LT
4171,BER1416L,BERALKID BARNIZ ALQUIDALICO MAPLE 1LT,Maple,BOTE 1LT
4172,BER1416M,BERALKID BARNIZ ALQUIDALICO MAPLE 0.5LT,Maple,BOTE 0.5LT
4173,BER1416Q,BERALKID BARNIZ ALQUIDALICO MAPLE 0.25LT,Maple,BOTE 0.25LT
4174,BER1433G,BERALKID BARNIZ ALQUIDALICO ROBLE MEDI O 4LT,Roble,BOTE 4LT
4175,BER1433L,BERALKID BARNIZ ALQUIDALICO ROBLE MEDI O 1LT,Roble,BOTE 1LT
4176,BER1433M,BERALKID BARNIZ ALQUIDALICO ROBLE MEDI O 0.5LT,Roble,BOTE 0.5LT
4177,BER1433Q,BERALKID BARNIZ ALQUIDALICO ROBLE MEDI O 0.25LT,Roble,BOTE 0.25LT
4178,BER1440G,BERALKID BARNIZ ALQUIDALICO CAOBA 4LT,Caoba,BOTE 4LT
4179,BER1440L,BERALKID BARNIZ ALQUIDALICO CAOBA 1LT,Caoba,BOTE 1LT
4180,BER1440M,BERALKID BARNIZ ALQUIDALICO CAOBA 0.5LT,Caoba,BOTE 0.5LT
4181,BER1440Q,BERALKID BARNIZ ALQUIDALICO CAOBA 0.25LT,Caoba,BOTE 0.25LT
4182,BER1100G,BARNIZ MARINO DE POLIURETANO 4LT,NULL,BOTE 4LT
4183,BER1100L,BARNIZ MARINO DE POLIURETANO 1LT,NULL,BOTE 1LT
4184,BER1600C,SUMMA BARNIZ ALQUIDALICO 19LT,NULL,CUB 19LT
4185,BER1600G,SUMMA BARNIZ ALQUIDALICO 4LT,NULL,BOTE 4LT
4186,BER1600L,SUMMA BARNIZ ALQUIDALICO 1LT,NULL,BOTE 1LT
4187,BER1600M,SUMMA BARNIZ ALQUIDALICO 0.5LT,NULL,BOTE 0.5LT
4188,BER1600Q,SUMMA BARNIZ ALQUIDALICO 0.25LT,NULL,BOTE 0.25LT
4189,BER1670C,SUMMA BARNIZ MATE 19LT,NULL,CUB 19LT
4190,BER1670G,SUMMA BARNIZ MATE 4LT,NULL,BOTE 4LT
4191,BER1670L,SUMMA BARNIZ MATE 1LT,NULL,BOTE 1LT
4192,BER1670M,SUMMA BARNIZ MATE 0.5LT,NULL,BOTE 0.5LT
4193,BER1670Q,SUMMA BARNIZ MATE 0.25LT,NULL,BOTE 0.25LT
4194,BER7723C,KALOS-TONE VINIL-ACRILICA BLANCO 19LT,Blanco,CUB 19LT
4195,BER7723G,KALOS-TONE VINIL-ACRILICA BLANCO 4LT,Blanco,BOTE 4LT
4196,BER7723L,KALOS-TONE VINIL-ACRILICA BLANCO 1LT,Blanco,BOTE 1LT
4197,BER7713C,KALOS-TONE VINIL-ACRILICA AZUL PRINCESA 19LT,Azul,CUB 19LT
4198,BER7713G,KALOS-TONE VINIL-ACRILICA AZUL PRINCESA 4LT,Azul,BOTE 4LT
4199,BER7713L,KALOS-TONE VINIL-ACRILICA AZUL PRINCESA 1LT,Azul,BOTE 1LT
4200,BER7727C,KALOS-TONE VINIL-ACRILICA TURQUESA 19LT,Turquesa,CUB 19LT
4201,BER7727G,KALOS-TONE VINIL-ACRILICA TURQUESA 4LT,Turquesa,BOTE 4LT
4202,BER7727L,KALOS-TONE VINIL-ACRILICA TURQUESA 1LT,Turquesa,BOTE 1LT
4203,BER7708C,KALOS-TONE VINIL-ACRILICA VERDE LIMA 19LT,Verde,CUB 19LT
4204,BER7708G,KALOS-TONE VINIL-ACRILICA VERDE LIMA 4LT,Verde,BOTE 4LT
4205,BER7708L,KALOS-TONE VINIL-ACRILICA VERDE LIMA 1LT,Verde,BOTE 1LT
4206,BER7743C,KALOS-TONE VINIL-ACRILICA BLANCO OSTION 19LT,Blanco,CUB 19LT
4207,BER7743G,KALOS-TONE VINIL-ACRILICA BLANCO OSTION 4LT,Blanco,BOTE 4LT
4208,BER7743L,KALOS-TONE VINIL-ACRILICA BLANCO OSTION 1LT,Blanco,BOTE 1LT
4209,BER7751C,KALOS-TONE VINIL-ACRILICA ROSADO 19LT,Rosado,CUB 19LT
4210,BER7751G,KALOS-TONE VINIL-ACRILICA ROSADO 4LT,Rosado,BOTE 4LT
4211,BER7751L,KALOS-TONE VINIL-ACRILICA ROSADO 1LT,Rosado,BOTE 1LT
4212,BER7736C,KALOS-TONE VINIL-ACRILICA MELON 19LT,Melon,CUB 19LT
4213,BER7736G,KALOS-TONE VINIL-ACRILICA MELON 4LT,Melon,BOTE 4LT
4214,BER7736L,KALOS-TONE VINIL-ACRILICA MELON 1LT,Melon,BOTE 1LT
4215,BER7720C,KALOS-TONE VINIL-ACRILICA ROJO CORAL 19LT,Rojo,CUB 19LT
4216,BER7720G,KALOS-TONE VINIL-ACRILICA ROJO CORAL 4LT,Rojo,BOTE 4LT
4217,BER7720L,KALOS-TONE VINIL-ACRILICA ROJO CORAL 1LT,Rojo,BOTE 1LT
4218,BER7739C,KALOS-TONE VINIL-ACRILICA SANDALO 19LT,Sandalo,CUB 19LT
4219,BER7739G,KALOS-TONE VINIL-ACRILICA SANDALO 4LT,Sandalo,BOTE 4LT
4220,BER7739L,KALOS-TONE VINIL-ACRILICA SANDALO 1LT,Sandalo,BOTE 1LT
4221,BER7703C,KALOS-TONE VINIL-ACRILICA CREMA COLONIAL 19LT,Crema,CUB 19LT
4222,BER7703G,KALOS-TONE VINIL-ACRILICA CREMA COLONIAL 4LT,Crema,BOTE 4LT
4223,BER7703L,KALOS-TONE VINIL-ACRILICA CREMA COLONIAL 1LT,Crema,BOTE 1LT
4224,BER7707C,KALOS-TONE VINIL-ACRILICA VAINILLA 19LT,Vainilla,CUB 19LT
4225,BER7707G,KALOS-TONE VINIL-ACRILICA VAINILLA 4LT,Vainilla,BOTE 4LT
4226,BER7707L,KALOS-TONE VINIL-ACRILICA VAINILLA 1LT,Vainilla,BOTE 1LT
4227,BER7745C,KALOS-TONE VINIL-ACRILICA LILA 19LT,Lila,CUB 19LT
4228,BER7745G,KALOS-TONE VINIL-ACRILICA LILA 4LT,Lila,BOTE 4LT
4229,BER7745L,KALOS-TONE VINIL-ACRILICA LILA 1LT,Lila,BOTE 1LT
4230,BER7715C,KALOS-TONE VINIL-ACRILICA GRIS PERLA 19LT,Gris,CUB 19LT
4231,BER7715G,KALOS-TONE VINIL-ACRILICA GRIS PERLA 4LT,Gris,BOTE 4LT
4232,BER7715L,KALOS-TONE VINIL-ACRILICA GRIS PERLA 1LT,Gris,BOTE 1LT
4233,BER7705C,KALOS-TONE VINIL-ACRILICA ROJO LADRILLO 19LT,Rojo,CUB 19LT
4234,BER7705G,KALOS-TONE VINIL-ACRILICA ROJO LADRILLO 4LT,Rojo,BOTE 4LT
4235,BER7705L,KALOS-TONE VINIL-ACRILICA ROJO LADRILLO 1LT,Rojo,BOTE 1LT
4236,BER7001C,KALOS-TONE VINIL-ACRILICA BASE PASTEL 19LT,Base Pastel,CUB 19LT
4237,BER7001G,KALOS-TONE VINIL-ACRILICA BASE PASTEL 4LT,Base Pastel,BOTE 4LT
4238,BER7001L,KALOS-TONE VINIL-ACRILICA BASE PASTEL 1LT,Base Pastel,BOTE 1LT
4239,BER7002C,KALOS-TONE VINIL-ACRILICA BASE TINT 19LT,Base Tinto,CUB 19LT
4240,BER7002G,KALOS-TONE VINIL-ACRILICA BASE TINT 4LT,Base Tinto,BOTE 4LT
4241,BER7002L,KALOS-TONE VINIL-ACRILICA BASE TINT 1LT,Base Tinto,BOTE 1LT
4242,BER7003C,KALOS-TONE VINIL-ACRILICA BASE DEEP 19LT,Base Deep,CUB 19LT
4243,BER7003G,KALOS-TONE VINIL-ACRILICA BASE DEEP 4LT,Base Deep,BOTE 4LT
4244,BER7003L,KALOS-TONE VINIL-ACRILICA BASE DEEP 1LT,Base Deep,BOTE 1LT
4245,BER7773C,KALOS-TONE VINIL-ACRILICA SATIN BLANCO 19LT,Blanco,CUB 19LT
4246,BER7773G,KALOS-TONE VINIL-ACRILICA SATIN BLANCO 4LT,Blanco,BOTE 4LT
4247,BER7773L,KALOS-TONE VINIL-ACRILICA SATIN BLANCO 1LT,Blanco,BOTE 1LT
4248,BER7071C,KALOS-TONE VINIL-ACRILICA SATIN BASE PASTEL 19LT,Base Pastel,CUB 19LT
4249,BER7071G,KALOS-TONE VINIL-ACRILICA SATIN BASE PASTEL 4LT,Base Pastel,BOTE 4LT
4250,BER7071L,KALOS-TONE VINIL-ACRILICA SATIN BASE PASTEL 1LT,Base Pastel,BOTE 1LT
4251,BER7072C,KALOS-TONE VINIL-ACRILICA SATIN BASE TINT 19LT,Base Tinto,CUB 19LT
4252,BER7072G,KALOS-TONE VINIL-ACRILICA SATIN BASE TINT 4LT,Base Tinto,BOTE 4LT
4253,BER7072L,KALOS-TONE VINIL-ACRILICA SATIN BASE TINT 1LT,Base Tinto,BOTE 1LT
4254,BER7073C,KALOS-TONE VINIL-ACRILICA SATIN BASE DEEP 19LT,Base Deep,CUB 19LT
4255,BER7073G,KALOS-TONE VINIL-ACRILICA SATIN BASE DEEP 4LT,Base Deep,BOTE 4LT
4256,BER7073L,KALOS-TONE VINIL-ACRILICA SATIN BASE DEEP 1LT,Base Deep,BOTE 1LT
4257,770186,KALOS-TONE VINIL-ACRILICA SATIN AMARILLO CKLASS 19LT,Amarillo,CUB 19LT
4258,BER821C,BERELINTE VINIL-ACRILICA NARANJA 19LT,Naranja,CUB 19LT
4259,BER821G,BERELINTE VINIL-ACRILICA NARANJA 4LT,Naranja,BOTE 4LT
4260,BER821L,BERELINTE VINIL-ACRILICA NARANJA 1LT,Naranja,BOTE 1LT
4261,BER840C,BERELINTE VINIL-ACRILICA ROJO SULTANA 19LT,Rojo,CUB 19LT
4262,BER840G,BERELINTE VINIL-ACRILICA ROJO SULTANA 4LT,Rojo,BOTE 4LT
4263,BER840L,BERELINTE VINIL-ACRILICA ROJO SULTANA 1LT,Rojo,BOTE 1LT
4264,BER894C,BERELINTE VINIL-ACRILICA AZUL INTENSO 19LT,Azul,CUB 19LT
4265,BER894G,BERELINTE VINIL-ACRILICA AZUL INTENSO 4LT,Azul,BOTE 4LT
4266,BER894L,BERELINTE VINIL-ACRILICA AZUL INTENSO 1LT,Azul,BOTE 1LT
4267,BER898C,BERELINTE VINIL-ACRILICA VERDE INTENSO 19LT,Verde,CUB 19LT
4268,BER898G,BERELINTE VINIL-ACRILICA VERDE INTENSO 4LT,Verde,BOTE 4LT
4269,BER898L,BERELINTE VINIL-ACRILICA VERDE INTENSO 1LT,Verde,BOTE 1LT
4270,BER895C,BERELINTE VINIL-ACRILICA VIOLETA 19LT,Violeta,CUB 19LT
4271,BER895G,BERELINTE VINIL-ACRILICA VIOLETA 4LT,Violeta,BOTE 4LT
4272,BER895L,BERELINTE VINIL-ACRILICA VIOLETA 1LT,Violeta,BOTE 1LT
4273,BER897C,BERELINTE VINIL-ACRILICA AMARILLO INTENSO 19LT,Amarillo,CUB 19LT
4274,BER897G,BERELINTE VINIL-ACRILICA AMARILLO INTENSO 4LT,Amarillo,BOTE 4LT
4275,BER897L,BERELINTE VINIL-ACRILICA AMARILLO INTENSO 1LT,Amarillo,BOTE 1LT
4276,BER802C,BERELINTE VINIL-ACRILICA BEIGE 19LT,Beige,CUB 19LT
4277,BER802G,BERELINTE VINIL-ACRILICA BEIGE 4LT,Beige,BOTE 4LT
4278,BER802L,BERELINTE VINIL-ACRILICA BEIGE 1LT,Beige,BOTE 1LT
4279,BER803C,BERELINTE VINIL-ACRILICA CREMA COLONIAL 19LT,Crema,CUB 19LT
4280,BER803G,BERELINTE VINIL-ACRILICA CREMA COLONIAL 4LT,Crema,BOTE 4LT
4281,BER803L,BERELINTE VINIL-ACRILICA CREMA COLONIAL 1LT,Crema,BOTE 1LT
4282,BER805C,BERELINTE VINIL-ACRILICA ROJO LADRILLO 19LT,Rojo,CUB 19LT
4283,BER805G,BERELINTE VINIL-ACRILICA ROJO LADRILLO 4LT,Rojo,BOTE 4LT
4284,BER805L,BERELINTE VINIL-ACRILICA ROJO LADRILLO 1LT,Rojo,BOTE 1LT
4285,BER808C,BERELINTE VINIL-ACRILICA VERDE PRADO 19LT,Verde,CUB 19LT
4286,BER808G,BERELINTE VINIL-ACRILICA VERDE PRADO 4LT,Verde,BOTE 4LT
4287,BER808L,BERELINTE VINIL-ACRILICA VERDE PRADO 1LT,Verde,BOTE 1LT
4288,BER809C,BERELINTE VINIL-ACRILICA VERDE ARMONIA 19LT,Verde,CUB 19LT
4289,BER809G,BERELINTE VINIL-ACRILICA VERDE ARMONIA 4LT,Verde,BOTE 4LT
4290,BER809L,BERELINTE VINIL-ACRILICA VERDE ARMONIA 1LT,Verde,BOTE 1LT
4291,BER810C,BERELINTE VINIL-ACRILICA MARFIL 19LT,Marfil,CUB 19LT
4292,BER810G,BERELINTE VINIL-ACRILICA MARFIL 4LT,Marfil,BOTE 4LT
4293,BER810L,BERELINTE VINIL-ACRILICA MARFIL 1LT,Marfil,BOTE 1LT
4294,BER813C,BERELINTE VINIL-ACRILICA CELESTE 19LT,Celeste,CUB 19LT
4295,BER813G,BERELINTE VINIL-ACRILICA CELESTE 4LT,Celeste,BOTE 4LT
4296,BER813L,BERELINTE VINIL-ACRILICA CELESTE 1LT,Celeste,BOTE 1LT
4297,BER814C,BERELINTE VINIL-ACRILICA AZUL MEDITERRANEO 19LT,Azul,CUB 19LT
4298,BER814G,BERELINTE VINIL-ACRILICA AZUL MEDITERRANEO 4LT,Azul,BOTE 4LT
4299,BER814L,BERELINTE VINIL-ACRILICA AZUL MEDITERRANEO 1LT,Azul,BOTE 1LT
4300,BER815C,BERELINTE VINIL-ACRILICA GRIS FRANCES 19LT,Gris,CUB 19LT
4301,BER815G,BERELINTE VINIL-ACRILICA GRIS FRANCES 4LT,Gris,BOTE 4LT
4302,BER815L,BERELINTE VINIL-ACRILICA GRIS FRANCES 1LT,Gris,BOTE 1LT
4303,BER817C,BERELINTE VINIL-ACRILICA AMARILLO TRIGO 19LT,Amarillo,CUB 19LT
4304,BER817G,BERELINTE VINIL-ACRILICA AMARILLO TRIGO 4LT,Amarillo,BOTE 4LT
4305,BER817L,BERELINTE VINIL-ACRILICA AMARILLO TRIGO 1LT,Amarillo,BOTE 1LT
4306,BER820C,BERELINTE VINIL-ACRILICA ROJO CORAL 19LT,Rojo,CUB 19LT
4307,BER820G,BERELINTE VINIL-ACRILICA ROJO CORAL 4LT,Rojo,BOTE 4LT
4308,BER820L,BERELINTE VINIL-ACRILICA ROJO CORAL 1LT,Rojo,BOTE 1LT
4309,BER823T,BERELINTE VINIL-ACRILICA BLANCO 200LT,Blanco,TAM 200LT
4310,BER823C,BERELINTE VINIL-ACRILICA BLANCO 19LT,Blanco,CUB 19LT
4311,BER823G,BERELINTE VINIL-ACRILICA BLANCO 4LT,Blanco,BOTE 4LT
4312,BER823L,BERELINTE VINIL-ACRILICA BLANCO 1LT,Blanco,BOTE 1LT
4313,BER824C,BERELINTE VINIL-ACRILICA NEGRO 19LT,Negro,CUB 19LT
4314,BER824G,BERELINTE VINIL-ACRILICA NEGRO 4LT,Negro,BOTE 4LT
4315,BER824L,BERELINTE VINIL-ACRILICA NEGRO 1LT,Negro,BOTE 1LT
4316,BER827C,BERELINTE VINIL-ACRILICA AGUAMARINA 19LT,Aguamarina,CUB 19LT
4317,BER827G,BERELINTE VINIL-ACRILICA AGUAMARINA 4LT,Aguamarina,BOTE 4LT
4318,BER827L,BERELINTE VINIL-ACRILICA AGUAMARINA 1LT,Aguamarina,BOTE 1LT
4319,BER831C,BERELINTE VINIL-ACRILICA ROSA DE CASTILLA 19LT,Rosa,CUB 19LT
4320,BER831G,BERELINTE VINIL-ACRILICA ROSA DE CASTILLA 4LT,Rosa,BOTE 4LT
4321,BER831L,BERELINTE VINIL-ACRILICA ROSA DE CASTILLA 1LT,Rosa,BOTE 1LT
4322,BER833C,BERELINTE VINIL-ACRILICA OCRE 19LT,Ocre,CUB 19LT
4323,BER833G,BERELINTE VINIL-ACRILICA OCRE 4LT,Ocre,BOTE 4LT
4324,BER833L,BERELINTE VINIL-ACRILICA OCRE 1LT,Ocre,BOTE 1LT
4325,BER834C,BERELINTE VINIL-ACRILICA AZUL REY 19LT,Azul,CUB 19LT
4326,BER834G,BERELINTE VINIL-ACRILICA AZUL REY 4LT,Azul,BOTE 4LT
4327,BER834L,BERELINTE VINIL-ACRILICA AZUL REY 1LT,Azul,BOTE 1LT
4328,BER835C,BERELINTE VINIL-ACRILICA GRIS ROMANO 19LT,Gris,CUB 19LT
4329,BER835G,BERELINTE VINIL-ACRILICA GRIS ROMANO 4LT,Gris,BOTE 4LT
4330,BER835L,BERELINTE VINIL-ACRILICA GRIS ROMANO 1LT,Gris,BOTE 1LT
4331,BER836C,BERELINTE VINIL-ACRILICA DURAZNO 19LT,Durazno,CUB 19LT
4332,BER836G,BERELINTE VINIL-ACRILICA DURAZNO 4LT,Durazno,BOTE 4LT
4333,BER836L,BERELINTE VINIL-ACRILICA DURAZNO 1LT,Durazno,BOTE 1LT
4334,BER837C,BERELINTE VINIL-ACRILICA CAFê 19LT,CafÇ,CUB 19LT
4335,BER837G,BERELINTE VINIL-ACRILICA CAFê 4LT,CafÇ,BOTE 4LT
4336,BER837L,BERELINTE VINIL-ACRILICA CAFê 1LT,CafÇ,BOTE 1LT
4337,BER838C,BERELINTE VINIL-ACRILICA VERDE MALVA 19LT,Verde,CUB 19LT
4338,BER838G,BERELINTE VINIL-ACRILICA VERDE MALVA 4LT,Verde,BOTE 4LT
4339,BER838L,BERELINTE VINIL-ACRILICA VERDE MALVA 1LT,Verde,BOTE 1LT
4340,BER839C,BERELINTE VINIL-ACRILICA ROSA TROPICANA 19LT,Rosa,CUB 19LT
4341,BER839G,BERELINTE VINIL-ACRILICA ROSA TROPICANA 4LT,Rosa,BOTE 4LT
4342,BER839L,BERELINTE VINIL-ACRILICA ROSA TROPICANA 1LT,Rosa,BOTE 1LT
4343,BER843C,BERELINTE VINIL-ACRILICA BLANCO OSTION 19LT,Blanco,CUB 19LT
4344,BER843G,BERELINTE VINIL-ACRILICA BLANCO OSTION 4LT,Blanco,BOTE 4LT
4345,BER843L,BERELINTE VINIL-ACRILICA BLANCO OSTION 1LT,Blanco,BOTE 1LT
4346,BER844C,BERELINTE VINIL-ACRILICA NIEBLA 19LT,Niebla,CUB 19LT
4347,BER844G,BERELINTE VINIL-ACRILICA NIEBLA 4LT,Niebla,BOTE 4LT
4348,BER844L,BERELINTE VINIL-ACRILICA NIEBLA 1LT,Niebla,BOTE 1LT
4349,BER860C,BERELINTE VINIL-ACRILICA MELON 19LT,Melon,CUB 19LT
4350,BER860G,BERELINTE VINIL-ACRILICA MELON 4LT,Melon,BOTE 4LT
4351,BER860L,BERELINTE VINIL-ACRILICA MELON 1LT,Melon,BOTE 1LT
4352,BER862C,BERELINTE VINIL-ACRILICA ALMENDRA 19LT,Almendra,CUB 19LT
4353,BER862G,BERELINTE VINIL-ACRILICA ALMENDRA 4LT,Almendra,BOTE 4LT
4354,BER862L,BERELINTE VINIL-ACRILICA ALMENDRA 1LT,Almendra,BOTE 1LT
4355,BER892C,BERELINTE VINIL-ACRILICA COCOA 19LT,Cocoa,CUB 19LT
4356,BER892G,BERELINTE VINIL-ACRILICA COCOA 4LT,Cocoa,BOTE 4LT
4357,BER892L,BERELINTE VINIL-ACRILICA COCOA 1LT,Cocoa,BOTE 1LT
4358,BER893C,BERELINTE VINIL-ACRILICA AMARILLO OXIDO 19LT,Amarillo,CUB 19LT
4359,BER893G,BERELINTE VINIL-ACRILICA AMARILLO OXIDO 4LT,Amarillo,BOTE 4LT
4360,BER893L,BERELINTE VINIL-ACRILICA AMARILLO OXIDO 1LT,Amarillo,BOTE 1LT
4361,BER8001C,BERELINTE VINIL-ACRILICA BASE PASTEL 19LT,Base Pastel,CUB 19LT
4362,BER8001G,BERELINTE VINIL-ACRILICA BASE PASTEL 4LT,Base Pastel,BOTE 4LT
4363,BER8001L,BERELINTE VINIL-ACRILICA BASE PASTEL 1LT,Base Pastel,BOTE 1LT
4364,BER8002C,BERELINTE VINIL-ACRILICA BASE TINT 19LT,Base Tinto,CUB 19LT
4365,BER8002G,BERELINTE VINIL-ACRILICA BASE TINT 4LT,Base Tinto,BOTE 4LT
4366,BER8002L,BERELINTE VINIL-ACRILICA BASE TINT 1LT,Base Tinto,BOTE 1LT
4367,BER8003C,BERELINTE VINIL-ACRILICA BASE DEEP 19LT,Base Deep,CUB 19LT
4368,BER8003G,BERELINTE VINIL-ACRILICA BASE DEEP 4LT,Base Deep,BOTE 4LT
4369,BER8003L,BERELINTE VINIL-ACRILICA BASE DEEP 1LT,Base Deep,BOTE 1LT
4370,BER8005C,BERELINTE VINIL-ACRILICA BASE NEUTRA 19LT,Base Neutra,CUB 19LT
4371,BER8005G,BERELINTE VINIL-ACRILICA BASE NEUTRA 4LT,Base Neutra,BOTE 4LT
4372,BER8005L,BERELINTE VINIL-ACRILICA BASE NEUTRA 1LT,Base Neutra,BOTE 1LT
4373,BER1801C,MULTITONO VINIL-ACRILICA BASE PASTEL 19LT,Base Pastel,CUB 19LT
4374,BER1801G,MULTITONO VINIL-ACRILICA BASE PASTEL 4LT,Base Pastel,BOTE 4LT
4375,BER1801L,MULTITONO VINIL-ACRILICA BASE PASTEL 1LT,Base Pastel,BOTE 1LT
4376,BER1802C,MULTITONO VINIL-ACRILICA BASE TINT 19LT,Base Tinto,CUB 19LT
4377,BER1802G,MULTITONO VINIL-ACRILICA BASE TINT 4LT,Base Tinto,BOTE 4LT
4378,BER1802L,MULTITONO VINIL-ACRILICA BASE TINT 1LT,Base Tinto,BOTE 1LT
4379,BER1803C,MULTITONO VINIL-ACRILICA BASE DEEP 19LT,Base Deep,CUB 19LT
4380,BER1803G,MULTITONO VINIL-ACRILICA BASE DEEP 4LT,Base Deep,BOTE 4LT
4381,BER1803L,MULTITONO VINIL-ACRILICA BASE DEEP 1LT,Base Deep,BOTE 1LT
4382,BER1805C,MULTITONO VINIL-ACRILICA BASE NEUTRA 19LT,Base Neutra,CUB 19LT
4383,BER1805G,MULTITONO VINIL-ACRILICA BASE NEUTRA 4LT,Base Neutra,BOTE 4LT
4384,BER1805L,MULTITONO VINIL-ACRILICA BASE NEUTRA 1LT,Base Neutra,BOTE 1LT
4385,BER206C,BERELEX VINIL-ACRILICA VERDE MUSGO 19LT,Verde,CUB 19LT
4386,BER206G,BERELEX VINIL-ACRILICA VERDE MUSGO 4LT,Verde,BOTE 4LT
4387,BER206L,BERELEX VINIL-ACRILICA VERDE MUSGO 1LT,Verde,BOTE 1LT
4388,BER205C,BERELEX VINIL-ACRILICA ROJO LADRILLO 19LT,Rojo,CUB 19LT
4389,BER205G,BERELEX VINIL-ACRILICA ROJO LADRILLO 4LT,Rojo,BOTE 4LT
4390,BER205L,BERELEX VINIL-ACRILICA ROJO LADRILLO 1LT,Rojo,BOTE 1LT
4391,BER208C,BERELEX VINIL-ACRILICA VERDE PRIMAVERA 19LT,Verde,CUB 19LT
4392,BER208G,BERELEX VINIL-ACRILICA VERDE PRIMAVERA 4LT,Verde,BOTE 4LT
4393,BER208L,BERELEX VINIL-ACRILICA VERDE PRIMAVERA 1LT,Verde,BOTE 1LT
4394,BER214C,BERELEX VINIL-ACRILICA AZUL RIVIERA 19LT,Azul,CUB 19LT
4395,BER214G,BERELEX VINIL-ACRILICA AZUL RIVIERA 4LT,Azul,BOTE 4LT
4396,BER214L,BERELEX VINIL-ACRILICA AZUL RIVIERA 1LT,Azul,BOTE 1LT
4397,BER215C,BERELEX VINIL-ACRILICA GRIS PERLA 19LT,Gris,CUB 19LT
4398,BER215G,BERELEX VINIL-ACRILICA GRIS PERLA 4LT,Gris,BOTE 4LT
4399,BER215L,BERELEX VINIL-ACRILICA GRIS PERLA 1LT,Gris,BOTE 1LT
4400,BER217G,BERELEX VINIL-ACRILICA AMARILLO INTENSO 4LT,Amarillo,BOTE 4LT
4401,BER217L,BERELEX VINIL-ACRILICA AMARILLO INTENSO 1LT,Amarillo,BOTE 1LT
4402,BER219C,BERELEX VINIL-ACRILICA APIO 19LT,Apio,CUB 19LT
4403,BER219G,BERELEX VINIL-ACRILICA APIO 4LT,Apio,BOTE 4LT
4404,BER219L,BERELEX VINIL-ACRILICA APIO 1LT,Apio,BOTE 1LT
4405,BER221C,BERELEX VINIL-ACRILICA MANDARINA 19LT,Mandarina,CUB 19LT
4406,BER221G,BERELEX VINIL-ACRILICA MANDARINA 4LT,Mandarina,BOTE 4LT
4407,BER221L,BERELEX VINIL-ACRILICA MANDARINA 1LT,Mandarina,BOTE 1LT
4408,BER203C,BERELEX VINIL-ACRILICA CREMA 19LT,Crema,CUB 19LT
4409,BER203G,BERELEX VINIL-ACRILICA CREMA 4LT,Crema,BOTE 4LT
4410,BER203L,BERELEX VINIL-ACRILICA CREMA 1LT,Crema,BOTE 1LT
4411,BER223C,BERELEX VINIL-ACRILICA BLANCO 19LT,Blanco,CUB 19LT
4412,BER223G,BERELEX VINIL-ACRILICA BLANCO 4LT,Blanco,BOTE 4LT
4413,BER223L,BERELEX VINIL-ACRILICA BLANCO 1LT,Blanco,BOTE 1LT
4414,BER1301C,BERELEX VINIL-ACRILICA BASE PATEL 19LT,Base Pastel,CUB 19LT
4415,BER1301G,BERELEX VINIL-ACRILICA BASE PATEL 4LT,Base Pastel,BOTE 4LT
4416,BER1301L,BERELEX VINIL-ACRILICA BASE PATEL 1LT,Base Pastel,BOTE 1LT
4417,BER1302C,BERELEX VINIL-ACRILICA BASE TINT 19LT,Base Tinto,CUB 19LT
4418,BER1302G,BERELEX VINIL-ACRILICA BASE TINT 4LT,Base Tinto,BOTE 4LT
4419,BER1302L,BERELEX VINIL-ACRILICA BASE TINT 1LT,Base Tinto,BOTE 1LT
4420,BER1303C,BERELEX VINIL-ACRILICA BASE DEEP 19LT,Base Deep,CUB 19LT
4421,BER1303G,BERELEX VINIL-ACRILICA BASE DEEP 4LT,Base Deep,BOTE 4LT
4422,BER1303L,BERELEX VINIL-ACRILICA BASE DEEP 1LT,Base Deep,BOTE 1LT
4423,BER1305C,BERELEX VINIL-ACRILICA BASE NEUTRA 19LT,Base Neutra,CUB 19LT
4424,BER1305G,BERELEX VINIL-ACRILICA BASE NEUTRA 4LT,Base Neutra,BOTE 4LT
4425,BER1305L,BERELEX VINIL-ACRILICA BASE NEUTRA 1LT,Base Neutra,BOTE 1LT
4426,BER224C,BERELEX VINIL-ACRILICA NEGRO 19LT,Negro,CUB 19LT
4427,BER224G,BERELEX VINIL-ACRILICA NEGRO 4LT,Negro,BOTE 4LT
4428,BER224L,BERELEX VINIL-ACRILICA NEGRO 1LT,Negro,BOTE 1LT
4429,BER234C,BERELEX VINIL-ACRILICA AZUL ARTICO 19LT,Azul,CUB 19LT
4430,BER234G,BERELEX VINIL-ACRILICA AZUL ARTICO 4LT,Azul,BOTE 4LT
4431,BER234L,BERELEX VINIL-ACRILICA AZUL ARTICO 1LT,Azul,BOTE 1LT
4432,BER233C,BERELEX VINIL-ACRILICA OCRE 19LT,Ocre,CUB 19LT
4433,BER233G,BERELEX VINIL-ACRILICA OCRE 4LT,Ocre,BOTE 4LT
4434,BER233L,BERELEX VINIL-ACRILICA OCRE 1LT,Ocre,BOTE 1LT
4435,BER253C,BERELEX VINIL-ACRILICA GAMUZA 19LT,Gamuza,CUB 19LT
4436,BER253G,BERELEX VINIL-ACRILICA GAMUZA 4LT,Gamuza,BOTE 4LT
4437,BER253L,BERELEX VINIL-ACRILICA GAMUZA 1LT,Gamuza,BOTE 1LT
4438,BER262C,BERELEX VINIL-ACRILICA ALMENDRA 19LT,Almendra,CUB 19LT
4439,BER262G,BERELEX VINIL-ACRILICA ALMENDRA 4LT,Almendra,BOTE 4LT
4440,BER262L,BERELEX VINIL-ACRILICA ALMENDRA 1LT,Almendra,BOTE 1LT
4441,BER244C,BERELEX VINIL-ACRILICA NIEBLA 19LT,Niebla,CUB 19LT
4442,BER244G,BERELEX VINIL-ACRILICA NIEBLA 4LT,Niebla,BOTE 4LT
4443,BER244L,BERELEX VINIL-ACRILICA NIEBLA 1LT,Niebla,BOTE 1LT
4444,BER243C,BERELEX VINIL-ACRILICA BLANCO OSTION 19LT,Blanco,CUB 19LT
4445,BER243G,BERELEX VINIL-ACRILICA BLANCO OSTION 4LT,Blanco,BOTE 4LT
4446,BER243L,BERELEX VINIL-ACRILICA BLANCO OSTION 1LT,Blanco,BOTE 1LT
4447,BER227C,BERELEX VINIL-ACRILICA TURQUESA 19LT,Turquesa,CUB 19LT
4448,BER227G,BERELEX VINIL-ACRILICA TURQUESA 4LT,Turquesa,BOTE 4LT
4449,BER227L,BERELEX VINIL-ACRILICA TURQUESA 1LT,Turquesa,BOTE 1LT
4450,BER242C,BERELEX VINIL-ACRILICA CHAMPA•A 19LT,Champa§a,CUB 19LT
4451,BER242G,BERELEX VINIL-ACRILICA CHAMPA•A 4LT,Champa§a,BOTE 4LT
4452,BER242L,BERELEX VINIL-ACRILICA CHAMPA•A 1LT,Champa§a,BOTE 1LT
4453,BER256C,BERELEX VINIL-ACRILICA AMARILLO MANGO 19LT,Amarillo,CUB 19LT
4454,BER256G,BERELEX VINIL-ACRILICA AMARILLO MANGO 4LT,Amarillo,BOTE 4LT
4455,BER256L,BERELEX VINIL-ACRILICA AMARILLO MANGO 1LT,Amarillo,BOTE 1LT
4456,BER236C,BERELEX VINIL-ACRILICA DURAZNO 19LT,Durazno,CUB 19LT
4457,BER236G,BERELEX VINIL-ACRILICA DURAZNO 4LT,Durazno,BOTE 4LT
4458,BER236L,BERELEX VINIL-ACRILICA DURAZNO 1LT,Durazno,BOTE 1LT
4459,BER260C,BERELEX VINIL-ACRILICA MELON 19LT,Melon,CUB 19LT
4460,BER260G,BERELEX VINIL-ACRILICA MELON 4LT,Melon,BOTE 4LT
4461,BER260L,BERELEX VINIL-ACRILICA MELON 1LT,Melon,BOTE 1LT
4462,BER237C,BERELEX VINIL-ACRILICA CAFê 19LT,CafÇ,CUB 19LT
4463,BER237G,BERELEX VINIL-ACRILICA CAFê 4LT,CafÇ,BOTE 4LT
4464,BER237L,BERELEX VINIL-ACRILICA CAFê 1LT,CafÇ,BOTE 1LT
4465,BER220G,BERELEX VINIL-ACRILICA ROJO FUEGO 4LT,Rojo,BOTE 4LT
4466,BER220L,BERELEX VINIL-ACRILICA ROJO FUEGO 1LT,Rojo,BOTE 1LT
4467,BER269G,BERELEX VINIL-ACRILICA ROSA MEXICANO 4LT,Rosa,BOTE 4LT
4468,BER269L,BERELEX VINIL-ACRILICA ROSA MEXICANO 1LT,Rosa,BOTE 1LT
4469,BER226C,BERELEX VINIL-ACRILICA ORQUIDEA 19LT,Orquidea,CUB 19LT
4470,BER226G,BERELEX VINIL-ACRILICA ORQUIDEA 4LT,Orquidea,BOTE 4LT
4471,BER226L,BERELEX VINIL-ACRILICA ORQUIDEA 1LT,Orquidea,BOTE 1LT
4472,BER239C,BERELEX VINIL-ACRILICA SANDALO 19LT,Sandalo,CUB 19LT
4473,BER239G,BERELEX VINIL-ACRILICA SANDALO 4LT,Sandalo,BOTE 4LT
4474,BER239L,BERELEX VINIL-ACRILICA SANDALO 1LT,Sandalo,BOTE 1LT
4475,BER231C,BERELEX VINIL-ACRILICA ROSA PETALO 19LT,Rosa,CUB 19LT
4476,BER231G,BERELEX VINIL-ACRILICA ROSA PETALO 4LT,Rosa,BOTE 4LT
4477,BER231L,BERELEX VINIL-ACRILICA ROSA PETALO 1LT,Rosa,BOTE 1LT
4478,BER273C,BERELEX SUPER SATIN BLANCO 19LT,Blanco,CUB 19LT
4479,BER273G,BERELEX SUPER SATIN BLANCO 4LT,Blanco,BOTE 4LT
4480,BER273L,BERELEX SUPER SATIN BLANCO 1LT,Blanco,BOTE 1LT
4481,BER1272C,BERELEX SUPER SATIN BASE TINT 19LT,Base Tinto,CUB 19LT
4482,BER1272G,BERELEX SUPER SATIN BASE TINT 4LT,Base Tinto,BOTE 4LT
4483,BER1272L,BERELEX SUPER SATIN BASE TINT 1LT,Base Tinto,BOTE 1LT
4484,BER1273C,BERELEX SUPER SATIN BASE DEEP 19LT,Base Deep,CUB 19LT
4485,BER1273G,BERELEX SUPER SATIN BASE DEEP 4LT,Base Deep,BOTE 4LT
4486,BER1273L,BERELEX SUPER SATIN BASE DEEP 1LT,Base Deep,BOTE 1LT
4487,BER1275C,BERELEX SUPER SATIN BASE NEUTRA 19LT,Base Neutra,CUB 19LT
4488,BER1275G,BERELEX SUPER SATIN BASE NEUTRA 4LT,Base Neutra,BOTE 4LT
4489,BER1275L,BERELEX SUPER SATIN BASE NEUTRA 1LT,Base Neutra,BOTE 1LT
4490,BER2001C,SEMIGLOSS PINTURA ACRILICA SEMIBRILLANTE BLANCO 19LT,Blanco,CUB 19LT
4491,BER2001G,SEMIGLOSS PINTURA ACRILICA SEMIBRILLANTE BLANCO 4LT,Blanco,BOTE 4LT
4492,BER2002C,SEMIGLOSS PINTURA ACRILICA SEMIBRILLANTE BASE TINT 19LT,Base Tinto,CUB 19LT
4493,BER2002G,SEMIGLOSS PINTURA ACRILICA SEMIBRILLANTE BASE TINT 4LT,Base Tinto,BOTE 4LT
4494,BER8201C,REKOLOR VINIL-ACRILICA BLANCO 19LT,Blanco,CUB 19LT
4495,BER8201G,REKOLOR VINIL-ACRILICA BLANCO 4LT,Blanco,BOTE 4LT
4496,BER6623C,KONBEREL VINIL-ACRILICA BLANCO 19LT,Blanco,CUB 19LT
4497,BER6601C,KONBEREL VINIL-ACRILICA BASE PASTEL 19LT,Base Pastel,CUB 19LT
4498,BER6602C,KONBEREL VINIL-ACRILICA BASE TINT 19LT,Base Tinto,CUB 19LT
4499,BER2123C,100 ACRYL PINTURA 100% ACRILICA 19LT,NULL,CUB 19LT
4500,BER2123G,100 ACRYL PINTURA 100% ACRILICA 4LT,NULL,BOTE 4LT
4501,BER2102C,100 ACRYL PINTURA 100% ACRILICA BASE TINT 19LT,Base Tinto,CUB 19LT
4502,BER2102G,100 ACRYL PINTURA 100% ACRILICA BASE TINT 4LT,Base Tinto,BOTE 4LT
4503,BER2923C,PINTURA ELASTOMERICA 19LT,NULL,CUB 19LT
4504,BER2923G,PINTURA ELASTOMERICA 4LT,NULL,BOTE 4LT
4505,BER570C,SELLADOR VINILICO 19LT,NULL,CUB 19LT
4506,BER570G,SELLADOR VINILICO 4LT,NULL,BOTE 4LT
4507,BER570L,SELLADOR VINILICO 1LT,NULL,BOTE 1LT
4508,BER580C,SELLADOR ACRILICO 19LT,NULL,CUB 19LT
4509,BER580G,SELLADOR ACRILICO 4LT,NULL,BOTE 4LT
4510,BER580L,SELLADOR ACRILICO 1LT,NULL,BOTE 1LT
4511,BER578C,BLOCK FILLER 19LT,NULL,CUB 19LT
4512,BER578G,BLOCK FILLER 4LT,NULL,BOTE 4LT
4513,BER1970C,BEREL-TEXT PASTA TEXTURIZADA ACRILICA G/M BLANCO 19LT,Blanco,CUB 19LT
4514,BER1903C,BEREL-TEXT PASTA TEXTURIZADA ACRILICA S/G CREMA 19LT,Crema,CUB 19LT
4515,BER1915C,BEREL-TEXT PASTA TEXTURIZADA ACRILICA S/G GRIS PERLA 19LT,Gris,CUB 19LT
4516,BER1923C,BEREL-TEXT PASTA TEXTURIZADA ACRILICA S/G BLANCO 19LT,Blanco,CUB 19LT
4517,BER1925C,BEREL-TEXT PASTA TEXTURIZADA ACRILICA S/G GRIS ROMANO 19LT,Gris,CUB 19LT
4518,BER1936C,BEREL-TEXT PASTA TEXTURIZADA ACRILICA S/G DURAZNO 19LT,Durazno,CUB 19LT
4519,BER1943C,BEREL-TEXT PASTA TEXTURIZADA ACRILICA S/G BLANCO OSTION 19LT,Blanco,CUB 19LT
4520,BER2705C,KOVER MAX 3 A•OS  TERRACOTA 19LT,Terracota,CUB 19LT
4521,BER2705G,KOVER MAX 3 A•OS TERRACOTA 4LT,Terracota,BOTE 4LT
4522,BER2723C,KOVER MAX 3 A•OS BLANCO 19LT,Blanco,CUB 19LT
4523,BER2723G,KOVER MAX 3 A•OS BLANCO 4LT,Blanco,BOTE 4LT
4524,BER2605C,KOVER CRYL 5 A•OS TERRECOTA 19LT,NULL,CUB 19LT
4525,BER2605G,KOVER CRYL 5 A•OS TERRECOTA 4LT,NULL,BOTE 4LT
4526,BER2623C,KOVER CRYL 5 A•OS BLANCO 19LT,Blanco,CUB 19LT
4527,BER2623G,KOVER CRYL 5 A•OS BLANCO 4LT,Blanco,BOTE 4LT
4528,BER2805C,KOVER PRO III TERRACOTA 19LT,Terracota,CUB 19LT
4529,BER2823C,KOVER PRO III BLANCO 19LT,Blanco,CUB 19LT
4530,BER2470C,SELLADOR ACRILICO KOVER 19LT,NULL,CUB 19LT
4531,BER2470G,SELLADOR ACRILICO KOVER 4LT,NULL,BOTE 4LT
4532,BER2484C,SELLADOR LISTO PARA APLICAR 19LT,NULL,CUB 19LT
4533,BER2590G,RESANADOR DE GRIETAS KOVER 4LT,NULL,BOTE 4LT
4534,BER2590L,RESANADOR DE GRIETAS KOVER 1LT,NULL,BOTE 1LT
4535,BER574C,PEGAYESO BLANCO 19LT,Blanco,CUB 19LT
4536,BER574G,PEGAYESO BLANCO 4LT,Blanco,BOTE 4LT
4537,BER576C,PEGAYESO NARANJA 19LT,Naranja,CUB 19LT
4538,BER579G,PEGAYESO NARANJA 4LT,Naranja,BOTE 4LT
4539,BER500572C,LIGANTE APV 19LT,NULL,CUB 19LT
4540,BER500572G,LIGANTE APV 4LT,NULL,BOTE 4LT
4541,BER500572L,LIGANTE APV 1LT,NULL,BOTE 1LT
4542,BER5523C,FONDO BLANCO PARA MADERA 19LT,Blanco,CUB 19LT
4543,BER5523G,FONDO BLANCO PARA MADERA 4LT,Blanco,BOTE 4LT
4544,BER5523L,FONDO BLANCO PARA MADERA 1LT,Blanco,BOTE 1LT
4545,B1/2,BROCHA 1/2,NULL,PIEZA
4546,B1,BROCHA 1,NULL,PIEZA
4547,B11/2,BROCHA 1 1/2,NULL,PIEZA
4548,B2,BROCHA PERFECT SERIE 392 DE 2,NULL,PIEZA
4549,B21/2,BROCHA 2 1/2,NULL,PIEZA
4550,B3,BROCHA 3,NULL,PIEZA
4551,B4,BROCHA 4,NULL,PIEZA
4552,B5,BROCHA  PERFECT 392 DE 5,NULL,PIEZA
4553,B6,BROCHA 6,NULL,PIEZA
4554,MANERAL4,MANERAL PARA RODILLO 4 ALAMRES,NULL,PIEZA
4555,MANERAL,MANERAL PROFESIONAL PARA RODILLO 5 ALAMBRES,NULL,PIEZA
4556,EXTENCION5,EXTENCION PARA RODILLO 3.40 FIBRA DE VIDRIO,NULL,PIEZA
4557,EXTENCION5.40,EXTENCION METALICA PARA RODILLO 5.40 METROS,NULL,PIEZA
4558,EXTENCIONM,EXTENCION METALICA PARA RODILLO 3M,NULL,PIEZA
4559,RODILLO4,RODILLO PERFECT  MEDIANO Nß 4,NULL,PIEZA
4560,RODILLO11/4,RODILLO PROFECIONAL FELPA 1-1/4  EXTRA RUGOSO,NULL,PIEZA
4561,RODILLO3/4,RODILLO BYP RUGOSO  DE 3/4,NULL,PIEZA
4562,REPUESTO4,REPUESTO  MEDIANO P/RODILLO  Nß4,NULL,PIEZA
4563,REPUESTO11/4,REPUESTO HOME-PRO SUPERFICIES EXTRA ASPERAS 9 1 1/4,NULL,PIEZA
4564,REPUESTO3/4,REPUESTO HOME-PRO SUPERFICIES ASPERAS 9 3/4,NULL,PIEZA
4565,REPUESTO3/8,REPUESTO HOME-PRO SUPERFICIES SEMI LISAS 9 3/8,NULL,PIEZA
4566,REPUESTO1/2,REPUESTO HOME-PRO SUPERFICIES SEMI ASPERAS 9 1/2,NULL,PIEZA
4567,CEPILLO,CEPILLO PARA PINTOR ,NULL,PIEZA
4568,PAD,"PAD PAINT 9""",NULL,PIEZA
4569,CHAROLA,CHAROLA PARA RODILLO,NULL,PIEZA
4570,REJILLA,REJILLA ESCURRIDORA DE PINTURA,NULL,PIEZA
4571,PISTOLA2,PISTOLA DE GRAVEDAD CON VASO DE ALUMINIO,NULL,PIEZA
4572,E11/2,ESPATULA DE LAMINA 11/2,NULL,PIEZA
4573,E2,ESPATULA DE LAMINA  2,NULL,PIEZA
4574,E3,ESPATULA DE LAMINA 3,NULL,PIEZA
4575,E4,ESPATULA DE LAMINA 4,NULL,PIEZA
4576,CUBRETODO,PLASTICO CUBRE TODO 10M2,NULL,PIEZA
4577,PLASTICO ,PLASTICO NEGRO ML,Negro,PIEZA
4578,PLASTICOR,PLASTICO ROLLO  87.5  KG,NULL,ROLLO
4579,ESTOPA,ESTOPA BLANCA ,NULL,KILO
4580,LIJA80,LIJA DE AGUA FANDELI Nß 80,NULL,PIEZA
4581,LIJA100,LIJA DE AGUA FANDELI Nß 100,NULL,PIEZA
4582,LIJA120,LIJA DE AGUA FANDELI Nß 120,NULL,PIEZA
4583,LIJA150,LIJA DE AGUA FANDELI Nß 150,NULL,PIEZA
4584,LIJA180,LIJA DE AGUA FANDELI Nß 180,NULL,PIEZA
4585,LIJA220,LIJA DE AGUA FANDELI Nß 220,NULL,PIEZA
4586,LIJA240,LIJA DE AGUA FANDELI Nß 240,NULL,PIEZA
4587,LIJA280,LIJA DE AGUA FANDELI Nß 280,NULL,PIEZA
4588,LIJA320,LIJA DE AGUA FANDELI Nß 320,NULL,PIEZA
4589,LIJA360,LIJA DE AGUA FANDELI Nß 360,NULL,PIEZA
4590,LIJA400,LIJA DE AGUA FANDELI Nß 400,NULL,PIEZA
4591,LIJA500,LIJA DE AGUA FANDELI Nß 500,NULL,PIEZA
4592,LIJA600,LIJA DE AGUA FANDELI Nß 600,NULL,PIEZA
4593,LIJA1200,LIJA DE AGUA FANDELI Nß 1200,NULL,PIEZA
4594,LIJA1500,LIJA DE AGUA FANDELI Nß 1500,NULL,PIEZA
4595,ESMERIL80,LIJA DE ESMERIL FANDELI Nß 80 LONA ROJA,NULL,PIEZA
4596,ESMERIL60,LIJA DE ESMERIL FANDELI Nß 60 LONA ROJA,NULL,PIEZA
4597,ESMERIL36,LIJA DE ESMERIL FANDELI Nß 36 LONA ROJA,NULL,PIEZA
4598,MASKIN1/2,MASKING TAPE DE 1/2 CREMA,Crema,PIEZA
4599,CONVIL3/4,MASKING TAPE DE 3/4 USO GENERAL CONVIL,NULL,PIEZA
4600,MASKIN1,MASKING TAPE DE 1,NULL,PIEZA
4601,MASKIN2,MASKING TAPE DE 2,NULL,PIEZA
4602,CU•A1,CU•A CHICA CON MANGO,NULL,PIEZA
4603,CU•A2,CU•A GRANDE CON MANGO ,NULL,PIEZA
4604,CU•A3,CU•A CHICA  ,NULL,PIEZA
4605,CU•A4,CU•A GRANDE  ,NULL,PIEZA
4607,THINNERL,THINNER AMERICANO ,NULL,LITRO
4608,THINNERT,THINNER AMERICANO 200LT,NULL,TAM 200LT
4609,XILOL,XILOL,NULL,LITRO
4610,FAM800,FAM AEROSOL BLANCO BRILLANTE,Blanco,400ML
4611,FAM805,FAM AEROSOL ULTRAMAR,Ultramar,400ML
4612,FAM810,FAM AEROSOL CAFê TABACO,CafÇ,400ML
4613,FAM815,FAM AEROSOL GRIS MAQUINARIA,Gris,400ML
4614,FAM820,FAM AEROSOL ORO,Oro,400ML
4615,FAM825,FAM AEROSOL ALUMINIO,NULL,400ML
4616,FAM827,FAM AEROSOL CROMO,Cromo,400ML
4617,FAM829,FAM AEROSOL AZUL OBSCURO,Azul,400ML
4618,FAM844,FAM AEROSOL BLANCO MATE,Blanco,400ML
4619,FAM845,FAM AEROSOL BARNIZ,NULL,400ML
4620,FAM846,FAM AEROSOL NEGRO BRILLANTE,Negro,400ML
4621,FAM847,FAM AEROSOL NEGRO MATE,Negro,400ML
4622,FAM848,FAM AEROSOL PRIMARIO GRIS,Gris,400ML
4623,FAM802,FAM AEROSOL CREMA,Crema,400ML
4624,FAM803,FAM AEROSOL VERDE CROMO,Verde,400ML
4625,FAM806,FAM AEROSOL AZUL ORGANICO,Azul,400ML
4626,FAM808,FAM AEROSOL BERMELLON,Bermellon,400ML
4627,FAM811,FAM AEROSOL AMARILLO LIMON,Amarillo,400ML
4628,FAM849,FAM AEROSOL NEGRO SATINADO,Negro,400ML
4629,FAM807,FAM AEROSOL NARANJA,Naranja,400ML
4630,FAM817,FAM AEROSOL ROSA,Rosa,400ML
4631,FAM832,FAM AEROSOL NARANJA  FLUORESCENTE,Naranja,400ML
4632,FAM833,FAM AEROSOL AMARILLO   FLUORESCENTE,Amarillo,400ML
4633,FAM834,FAM AEROSOL VERDE  FLUORESCENTE,Verde,400ML
4634,METYLAN 225,METYLAN RESANADOR MULTIUSOS EN PASTA UNIVERSAL,NULL,225ML
4635,RESISTOL,RESANADOR PARA MADERA COLOR PINO,Pino,115ML
4636,SILICON,SISTA SILICON USO GENERAL TRANSPARENTE,Transparente,30ML
4637,KID,KID DE APLICACI‡N,NULL,PIEZA
4638,CEPILLOA,CEPILLO DE ALAMBRE CON MANGO,NULL,PIEZA
4639,PISTOLA,PISTOLA    CALAFATEADORA 1/2 CA•A,NULL,PIEZA
4640,PISTOLA1,PISTOLA CALAFATEADORA PROFECIONAL CROMADA ,NULL,PIEZA
4641,MASCARILLA,MASCARILLA DESECHABLE  PARA POLVO,NULL,PIEZA
4642,ABANICO,ABANICO MULTITONO COLOR  SYSTEM II,NULL,PIEZA
4643,ELIEL,LIMPIADOR MULTIUSOS BIODEGRADABLE 1.5LT,NULL,BOTE 1.5LT
4644,CEMENTO,CEMENTO BLANCO,Blanco,KILO
4645,YESO,YESO PARA RESANAR,NULL,KILO
4646,CAOLIN,CAOLIN  PARA FONDEAR 20KG,NULL,SACO 20KG
4647,1701,AMARILLO EXTERIOR (AXX) 1L,Amarillo,LITRO 1L
4648,1702,NEGRO HUMO ( B ) 1L,Negro,LITRO 1L
4649,1703,AMARILLO OXIDO ( C ) 1L,Amarillo,LITRO 1L
4650,1704,VERDE PTHALO ( D ) 1L,Verde,LITRO 1L
4651,1705,AZUL PTHALO ( E ) 1L,Azul,LITRO 1L
4652,1706,ROJO OXIDO DE HIERRO ( F ) 1L,Rojo,LITRO 1L
4653,1707,CAFê OXIDO DE HIERRO ( I ) 1L,CafÇ,LITRO 1L
4654,1708,OCRE NATURAL ( L ) 1L,Ocre,LITRO 1L
4655,1709,ROJO EXTERIOR ( R ) 1L,Rojo,LITRO 1L
4656,1710,AMARILLO MEDIO ( T ) 1L,Amarillo,LITRO 1L
4657,1711,MAGENTA ( V ) 1L,Magenta,LITRO 1L
4658,1712,BLANCO (KXX) 1L,Blanco,LITRO 1L
4659,TINTAS,TINTAS PARA IGUALAR LOTE,NULL,LOTE
4660,ESMERIL220,LIJA DE ESMERIL FANDELI Nß 220 LONA ROJA ,NULL,PIEZA
4661,ESMERIL150,LIJA DE ESMERIL FANDELI Nß 150 LONA ROJA ,NULL,PIEZA
4664,ESMERIL40,LIJA DE ESMERIL FANDELI Nß 40 LONA ROJA ,NULL,PIEZA
4665,BER623Q,SUMMA ESMALTE ALQUIDALICO BLANCO 0.25LT,Blanco,BOTE 0.25LT
4666,BER623M,SUMMA ESMALTE ALQUIDALICO BLANCO 0.5LT,Blanco,BOTE 0.5LT
4667,BER623L,SUMMA ESMALTE ALQUIDALICO BLANCO 1LT,Blanco,BOTE 1LT
4668,BER623G,SUMMA ESMALTE ALQUIDALICO BLANCO 4LT,Blanco,BOTE 4LT
4669,BER623C,SUMMA ESMALTE ALQUIDALICO BLANCO 19LT,Blanco,CUB 19LT
4670,BER623T,SUMMA ESMALTE ALQUIDALICO BLANCO 200LT,Blanco,TAM 200LT
4671,EXTENCIONB,EXTENCION FIBRA DE VIDRIO 2.4M CON BOTON ,NULL,PIEZA
4672,EXTENCION3,EXTENCION FIBRA DE VIDRIO 3.6M CON BOTON ,NULL,PIEZA
4673,ELIELL,LIMPIADOR MULTIUSOS BIODEGRADABLE 1LT,NULL,BOTE 1LT
4674,CEMENTO1,CEMENTO BLANCO 50KG,Blanco,SACO 50KG
4675,, 19LT,NULL,CUB 19LT
4676,BP,BROCHA BYP 6 (PROMOCION),NULL,PIEZA
4677,AGUARRAZ, SOLVENTE PARA ESMALTES LT,NULL,LITRO
4680,ERROR,KALOS-TONE VINIL-ACRILICA BLANCO ,Blanco,CUB 19LT
4681,EXTENCION1.20,EXTENCION METALICA DE  1.20 MTRS,NULL,PIEZA
4682,FAM804,FAM AEROSOL ESMERALDA,Esmeralda,400ML
4683,TRABAJOS,TRABAJOS,NULL,LOTE
4684,ERROR2,KOVER CRYL 5 A•OS CUBETA 19LT,NULL,CUB 19LT
4685,ERROR3,SUMMA ESMALTE ALQUIDALICO NEGRO ,Negro,BOTE 4LT
4686,BF4,BROCHA PINTOR PROFECIONAL DE 4,NULL,PIEZA
4687,BF5,BROCHA PINTOR PROFECIONAL DE  5,NULL,PIEZA
4688,BF6,BROCHA PINTOR PROFECIONAL DE 6,NULL,PIEZA
4689,BER7723T,KALOS-TONE VINIL-ACRILICA BLANCO TAMBO 200LT,Blanco,TAM 200LT
4693,BER1070Q,MATIZANTE PARA ESMALTE,NULL,BOTE 0.25LT
4695,METYLAN 980,METYLAN RESANADOR 980ml,NULL,980ML
4696,RODILLO3/8,RODILLO PROFECIONAL 3/8 SUPERFICIE LISA,NULL,PIEZA
4697,PISTOLAS,PISTOLA PARA PINTAR DE SUCCION MOD 100,NULL,PIEZA
4698,CINTAC,CINTA CANELA DE 2 X50,NULL,PIEZA
4699,CINTAE,CINTA DE EMPAQUE TRANSPARENTE 2X50,Transparente,PIEZA
4700,GREMM,AHORRADOR DE GASOLINA ,NULL,PIEZA
4701,COLADOR,COLADOR PARA PINRTURA,NULL,PIEZA
4702,PERLA,MICROESFERA  O PERLA DE VIDRIO,NULL,KILO
4703,RODILLOE,RODILLO PARA ESMALTE  4 PULGADAS,NULL,PIEZA
4704,REPUESTOE,REPUESTO PARA ESMALTE 4 PULGADAS,NULL,PIEZA
4705,BER2001L,VINIL ACRILICA SEMI GLOS SEMI BRILLANTE,NULL,BOTE 1LT
4706,210104,100 ACRYL PINTURA 100% ACRILICA ROJO FACHADAS,Rojo,CUB 19LT
4707,957693,BASURERO ACERO INOXIDABLE 48LT 2 COMPARTIMIENTOS,NULL,PIEZA
4708,947605,BASURERO ACERO INOXIDABLE 30LT 2 COMPARTIMIENTOS,NULL,PIEZA
4709,947604,BASURERO ACERO INOXIDABLE 45LT 3 COMPARTIMIENTOS,NULL,PIEZA
4710,210104G,VINILICA 100 ACRYL ROJO FCHADA,Rojo,BOTE 4LT
4711,ESMERIL120,LIJA DE ESMERIL Nß 120 DE LONA,NULL,PIEZA
4712,CONVIL,MASKING TAPE CONVIL VERDE 7 DIAS 18X50,Verde,PIEZA
4713,CONVIL1,MASKING TAPE CONVIL USO GENERAL PROFECIONAL DE 1,NULL,PIEZA
4714,CONVIL2,MASKING TAPE CONVIL USO GENERAL PROFECIONAL DE 2,NULL,PIEZA
4715,GAR10,GARRAFON DE PLASTICO NATURAL 10LT,NULL,PIEZA
4716,GAR20,GARRAFON DE PLASTICO NATURAL 20LT,NULL,PIEZA
4717,510020,MALLA POLIESTER DOBLE REFUERZO KOVER 510020,NULL,ROLLO
4718,510010,MALLA POLIESTER SENCILLA  KOVER 510010,NULL,ROLLO
4719,210104L,VINILICA 100 ACRYL ROJO FACHADAS,Rojo,BOTE 1LT
4720,ERROR4,MALLA POLIESTER DOBLE REFUERZO,NULL,ROLLO
4721,LIJAF,LIJA PARA MADERA FINA ,NULL,PIEZA
4722,LIJAM,LIJA PARA  MADERA MEDINA,NULL,PIEZA
4723,LIJAG,LIJA PARA MAEDERA GRUESA,NULL,PIEZA
4724,BER1935C,BEREL TEXT  GRIS ROMANO,Gris,CUB 19LT
4725,TORTUGA,TORTUGA DE HULE PARA LIJAR,NULL,PIEZA
4727,RESISTOLC,RESANADOR PARA MADERA COLOR CAOBA,Caoba,115ML
4728,RODILLO PLUS1,RODILLO PLUS DE ALTA 11/4,NULL,PIEZA
4729,RODILLO PLUS2,RODILLO PLUS DE ALTA 3/4,NULL,PIEZA
4730,MANERALE,MANERAL DE 4 PULGADAS PARA ESMALTE,NULL,PIEZA
4731,IVA,ESTE COMPROBANTE ES COMPLEMENTARIO DEL EXPEDIDO CON EL FOLIO,NULL,.
4732,793,AEROSOL ACUARIO ORO PALIDO,Oro,400ML
4733,METALEX,METALEX CATALIZADO PARA PISOS GRIS,Gris,CUB 19LT
4734,METALEXR,METALEX CATALIZADO PARA PISOS ROJO,Rojo,CUB 19LT
4735,CATA,CATALIZADOR PARA PINTURA,NULL,CUB 19LT
4736,METALEX1,CATALIZADOR PARA METALEX,NULL,BOTE 1LT
4742,METALEXRG,ESMALTE METALEX CATALIZADOR,NULL,BOTE 4LT
4743,CATAL,CATALIZADOR PARA ESMALTE,NULL,BOTE 1LT
4744,CATAM,CATALIZADOR PARA ESMALTE,NULL,BOTE 0.5LT
4745,THINNERG,THINNER AMERICANO ,NULL,BOTE 4LT
4746,THINNER1,THINNER AMERICANO ,NULL,BOTE 1LT
4747,BER8213C,VINILICA REKOLOR  VAINILLA,Vainilla,CUB 19LT
4748,551353,KOVER PREFABRICADO BLANCO 3.5MM FIBRA DE VIDRIO 10mtr 2,Blanco,ROLLO
4750,551355,KOVER PREFABRICADO APP ROJO 3.5mm FIBRE DE VIDRIO 10mtrs2,Rojo,ROLLO
4751,555403,KOVER PREFABRICADO BLANCO APP 4.mmFIBRA POLIESTER 10mtrs2,Blanco,ROLLO
4752,555405,KOVER PREFABRICADO ROJO APP 4.0mm FIBRA POLIESTER ROLLO 10mtrs2,Rojo,ROLLO
4753,550004,SELLADOR ASFALTICO KOVER,NULL,CUB 19LT
4754,BALON,BALON PROMOCION MUNDIAL,NULL,PIEZA
4755,CAMISETA,CAMISETA SELECCION MEXICANA PROM MUNDIAL,NULL,PIEZA
4756,CEPILLOB,CEPILLO DE IXTLE DE BASTON PARA IMPERMEABILIZAR,NULL,PIEZA
4757,BER2323C,BERELEX GREEN 100% ACRILICA BLANCO,Blanco,CUB 19LT
4758,BER2323G,BERELEX GREEN 100% ACRILICA BLANCO,Blanco,BOTE 4LT
4759,BER590C,SELLADOR GREEN,NULL,CUB 19LT
4760,BER590G,SELLADOR GREEN,NULL,BOTE 4LT
4761,BER1090T,REDOCTOR PARA ESMALTES  1090,NULL,TAM 200LT
4762,BC5,BROCHA COMANDER  DE 5 ,NULL,PIEZA
4763,BC6,BROCHA COMANDER DE 6 ,NULL,PIEZA
4764,BC4,BROCHA COMANDER DE 4,NULL,PIEZA
4765,CEPILLOM,CEPILLO  CERDA Y MADERA  PARA PINTOR,NULL,PIEZA
4766,WJ26,SOLVENTE PARA ESMALTE METALEX,NULL,BOTE 1LT
