cliente_id,razonSocial,colonia,CP
3725,Abalanáam isquiÖtiques assamarraria SA,COLINAS DE ATEMAJAC,45170
3726,Abon°s destarotarÇ CB,Agua Blanca,45427
3727,Abraham Lincoln,Agua Blanca,45427
3728,Abril Barreira Aleja,JARDINES DEL BOSQUE,44520
3729,Acorruã mortasÖ SL,SECTOR REFORMA,44400
3730,Adelaide Coombes,Agua Blanca,45427
3731,Adonis Partearroyo Loro,LA NORMAL,44270
3732,Agustina Banda Vellon,Agua Blanca,45427
3733,Ahmad Shah Masoud National Hero,Agua Blanca,45427
3734,Aimee Teegarden,CHURUBUSCO,9030
3735,Ainhoa Bispo Urruchi,COLINAS DE ATEMAJAC,45170
3736,Aique Molina Mosquera,COLONIA EL COLLI,45070
3737,Airam Bernaldo Caride,Agua Blanca,45427
3738,Akilah Thomson,Agua Blanca,45427
3739,Alan Naves Sotres,Agua Blanca,45427
3740,Alane Appleton,COLINAS DE ATEMAJAC,45170
3741,Alden Webber,COLINAS DE ATEMAJAC,45170
3742,Alessandra Simpson,CENTRO,44200
3743,Alethia Bishop,Agua Blanca,45427
3744,Alex Pettyfer,Agua Blanca,45427
3745,Alexander Hodgson,Agua Blanca,45427
3746,Alexander Ludwig,Agua Blanca,45427
3747,Alexander Skarsg«ærd,JARDINES DE  GPE,45079
3748,Alexander The Great,JARDINES DEL BOSQUE,44520
3749,Alexandra Breckenridge,Agua Blanca,45427
3750,Alexis Knapp,Agua Blanca,45427
3751,Alfred the Great,COLINAS DE ATEMAJAC,45170
3752,Alfredo Lister,Agua Blanca,45427
3753,Alfredo Malburgo Agriano,Agua Blanca,45427
3754,Alice Eve,Agua Blanca,45427
3755,Alicia Pipa Celis,Agua Blanca,45427
3756,Alison Barclay,Agua Blanca,45427
3757,Alison Brie,JARDINES DE LOS ARCOS,44500
3758,Allama Muhammad Iqbal,Agua Blanca,45427
3759,Allegra Dolan,Agua Blanca,45427
3760,Allene Obrien,CIUDAD DE LOS NI•OS,45040
3761,Aloida Blancas Coya,Agua Blanca,45427
3762,Alva Boyd,JARDINES DEL BOSQUE,44520
3763,Alyse Knott,Agua Blanca,45427
3764,Alyson Stoner,Agua Blanca,45427
3765,Amelia Alayz Romaza,Agua Blanca,44950
3766,Amorreus situÖs SLU,JARDINES DEL BOSQUE,44520
3767,AmurÇsseu desfermareu CB,Agua Blanca,45427
3768,Analeigh Tipton,COLINAS DE ATEMAJAC,45170
3769,Anamaria Murphy,COLINAS DE ATEMAJAC,45170
3770,Andre Agassi,Agua Blanca,45427
3771,Aneliesse Barroso Landaburu, JARDINES DE GUADALUPE,45030
3772,Angele Bolton,Agua Blanca,45427
3773,Angelika Hume, MODERNA,44190
3774,Angelina Jate Heredia,Agua Blanca,45427
3775,Angles americanitzÇssim CB, LOMAS DEL BOSQUE,45118
3776,Anissa Hurst, ROMA,6700
3777,Annamarie Potter,Agua Blanca,45427
3778,Annetta Crossley,LAS LIEBRES,45620
3779,Annetta Little,Agua Blanca,45427
3780,Annice Bouvet,Agua Blanca,45427
3781,Anthony Michael Hall,Agua Blanca,45427
3782,Antone Mcdougall,Agua Blanca,45427
3783,Antwan Powell,STA. MARIA TEQUEPEXPAN,45600
3784,Anwar Sadat, CIUDAD DEL SOL,4505
3785,Apetitin espatllarÖ SLU,Agua Blanca,45427
3786,Apryl Downing,Agua Blanca,45427
3787,Ara Allman,Agua Blanca,45427
3788,Aracely Humara Valluerca, PARAISOS DEL COLLI,45069
3789,Aretha Forster,ZONA CENTRO,6000
3790,Ariana Grande, LA MAGDALENA,45200
3791,Arletta Humphreys, LOMAS DEL COLLI,45037
3792,Arminius,Agua Blanca,45427
3793,Arnold Schwarzenegger,Agua Blanca,45427
3794,Arrelat dessalat propiciar CB,CONSTITUCION ,45180
3795,Arthur Macrae,Agua Blanca,45427
3796,Ashley Tisdale,Agua Blanca,45427
3797,Assegurara plovers SA,Agua Blanca,45427
3798,Astrid Lira Cantera,Agua Blanca,45427
3799,Atenyessen Öpoca albardanejaria SA,Agua Blanca,45427
3800,atilla the hun,Agua Blanca,45427
3801,AtlÖntic digitaran ,Agua Blanca,45427
3802,Audie Peters,Agua Blanca,45427
3803,Augustus Caesar, FERROCARRIL,4440
3804,Augustus II the Strong,Agua Blanca,45427
3805,Aurelio Traynor,Agua Blanca,45427
3806,Auriques groguejaran CB, PROVIDENCIA,4463
3807,Ayalibys San Argudo,Agua Blanca,45427
3808,Babe Ruth,FERROCARRIL,44440
3809,Baldwin I. of Jerusalem,Agua Blanca,45427
3810,Barack Obama, LADRON DE GUEVARA,44600
3811,Bascarem torressis ralingue SLU, TOLUQUILLA,45640
3812,Batejaven camanduleges SA,Agua Blanca,45427
3813,Beata Dunne,COLINAS DE ATEMAJAC,45170
3814,Becky Mcnally, RESIDENCIAL VICTORIA,44560
3815,Belinda Armesto Godan, JARDINES DE LOS ARCOS,44500
3816,Belva Boyce,Agua Blanca,45427
3817,Ben Bowes,Agua Blanca,45427
3818,Benedict Dalton,Agua Blanca,45427
3819,Benito Mussolini,Agua Blanca,45427
3820,Benjamin Franklin,AGUA BLANCA INDUSTRIAL,45235
3821,Bernalia Ormaechea Paniagua, CIUDAD DEL SOL,45050
3822,Bernardina Griffiths,COLINAS DE ATEMAJAC,45170
3823,Bersims sotaiguar°em gallejÖssiu CB,Agua Blanca,45427
3824,Bertha Hodson,Agua Blanca,45427
3825,Bertie Seymour,COLINAS DE ATEMAJAC,45170
3826,Bibiana Guilarte Veraza,COLINAS DE ATEMAJAC,45170
3827,Bienvenido Anieva Fonelleda,Agua Blanca,45427
3828,Billi Ingham,Agua Blanca,45427
3829,Billy Bob Thornton,Agua Blanca,45427
3830,Bladimir Grande Zambranos,Agua Blanca,45427
3831,Blake Griffin,Agua Blanca,45427
3832,Blas Tijero Yunibarbia,Agua Blanca,45427
3833,Blythe Gould,Agua Blanca,45427
3834,Bobby Orr, AGUA BLANCA INDUSTRIAL,43235
3835,Borbollons escudejaven SA, LAGOS DE ORIENTE,44770
3836,Boudicca, EL CAMPANARIO,45079
3837,Braáolada amar°eu soldejar°em CB, SAN CARLOS,44460
3838,Brain Whelan,Agua Blanca,45427
3839,Brande Morrow, VALLARTA SUR,44500
3840,Bresseu claperes SL,Agua Blanca,45427
3841,Brett Piercey,Agua Blanca,45427
3842,Bridget Morrison,Agua Blanca,45427
3843,Brigette Blake,COLINAS DE ATEMAJAC,45170
3844,Brigida Santos,Agua Blanca,45427
3845,Britney Leach, GUSTAVO DIAZ ORDAZ,45080
3846,Brittny Fleming, EL SAUZ,45590
3847,Brock Lesnar,Agua Blanca,45427
3848,Bruce Jenner,Agua Blanca,45427
3849,Bruce Lee, EL RETIRO,44280
3850,Buena Wiggins,Agua Blanca,45427
3851,Burn Gorman,Agua Blanca,45427
3852,Cael Sanderson,Agua Blanca,45427
3853,Caitlin Clarke,COLINAS DE ATEMAJAC,45170
3854,Cal Ripken,COLINAS DE ATEMAJAC,45170
3855,Caleb Plant, SAN FRANCISCO,44790
3856,Callie Alexander,Agua Blanca,45427
3857,Cam Gigandet,Agua Blanca,45427
3858,CambrejÖssiu amoltonar°em botada SA,Agua Blanca,45427
3859,Candace Parker,Agua Blanca,45427
3860,C†ndido Bispo Zaldivar,Agua Blanca,45427
3861,Capitombada desdibuixÇsseu palesarem SA,TORRE BLANCA DEL M.HGO,11280
3862,Cara Howard,COLINAS DE ATEMAJAC,45170
3863,Carey Mulligan,Agua Blanca,45427
3864,Carl Lewis, IND.VALLEJO DEL AZCAPOTZALCO,2300
3865,Carlene Morton,Agua Blanca,45427
3866,Carline Forrest,Agua Blanca,45427
3867,Carlos Caldwell,Agua Blanca,45427
3868,Carlota Mitchell,Agua Blanca,45427
3869,Carly Hunt,Agua Blanca,45427
3870,Carly Patterson,SANTA MONICA,44220
3871,Carmela Malone,Agua Blanca,45427
3872,Carmen Paliza Feijon,Agua Blanca,45427
3873,Carola Baird,Agua Blanca,45427
3874,Carolina Kl«¨ft,JALISCO,45403
3875,Caroline Dhavernas,Agua Blanca,45427
3876,Carrie-Anne Moss,Agua Blanca,45427
3877,Cascadejo colonitzador desembalumar°em ,Agua Blanca,45427
3878,Casimiro Romarote Galo,JARDINES DEL SOL,45050
3879,Cassi Roche,Agua Blanca,45427
3880,Cassie Jordan,Agua Blanca,44600
3881,Cassondra Reed,COLINAS DE ATEMAJAC,45170
3882,Catherine Caldwell,Agua Blanca,45427
3883,Catherine the Great,Agua Blanca,45427
3884,Cathey Mclaughlin,VISTAS DEL SOL,45237
3885,Cavalquesses sobresanareu CB,AMERICANA,44140
3886,Cecil Jacobs,Agua Blanca,45427
3887,Cecil Mcconnell,Agua Blanca,45427
3888,Cesareo Santandres Urquicia,Agua Blanca,45427
3889,Chang Philip,CENTRO,44100
3890,Channing Tatum,Agua Blanca,45427
3891,Charlemagne,Agua Blanca,45427
3892,Charles Booth,Agua Blanca,45427
3893,Charley Swan,Agua Blanca,45427
3894,Charlie Hunnam,Agua Blanca,45427
3895,Charlott Browne,Agua Blanca,45427
3896,Chasidy Casey,Agua Blanca,45427
3897,Chaya Boyce,Agua Blanca,45427
3898,Che Guevara,Agua Blanca,45427
3899,Cheree Peel,PROVIDENCIA,44620
3900,Chlo«Æ Grace Moretz,CENTRO,59600
3901,Chong Blackmore,COLINAS DE ATEMAJAC,45170
3902,Chris Hemsworth,Agua Blanca,45427
3903,Christene Monaghan,Agua Blanca,45427
3904,Christopher Nolan,Agua Blanca,45427
3905,Cierra Cameron,Agua Blanca,45427
3906,Cipol° formatgera palatinats SL,Agua Blanca,45427
3907,Clarisa Carlos Bellosillo,BOSQUES DE LA VICTORIA,44540
3908,Clark Reeve,COLINAS DE ATEMAJAC,45170
3909,Classie Clarke,RINCONADA LAS PALMAS,45130
3910,Clementina Kidd,ATLAS,44870
3911,Cleopatra,Agua Blanca,45427
3912,Colin Farrell,Agua Blanca,45427
3913,Colin O'Donoghue,Agua Blanca,45427
3914,Colltrenqui cisallades SA,Agua Blanca,45427
3915,Conrad Watts,Agua Blanca,45427
3916,Constantine the Great,Agua Blanca,45427
3917,Convengueu hereditÖries SA,Agua Blanca,45427
3918,Cordelia Woolley,JARDINES DE SAN IGNACIO,45040
3919,Corene Gilmour,Agua Blanca,45427
3920,Corie Anderson,LOS PINOS,45120
3921,Corine Nash,Agua Blanca,45427
3922,Cory Monteith,Agua Blanca,45427
3923,Courtney Greig,COLINAS DE ATEMAJAC,45170
3924,Coy Kenny,LOMAS DE GUEVARA,44657
3925,Crazy Horse,JARDINES DE GUADALUPE,45030
3926,Cri° bernesa pelegrinÖreu SL,LAS AGUILAS,45080
3928,Cristiano Ronaldo,Agua Blanca,45427
3929,Cristie Sharma,Agua Blanca,45427
3930,Cristine Harrison,Agua Blanca,45427
3931,Cristobal Dunkley,Agua Blanca,45427
3932,CYRUS the GREAT,Agua Blanca,45427
3933,Dafne Forcen Morentin,Agua Blanca,45427
3934,Dakota Fanning,Agua Blanca,45427
3935,Dale Earnhardt,Agua Blanca,45427
3936,Dan Heaton,CENTRO,59980
3937,Dane DeHaan,Agua Blanca,45427
3938,Daniele Black,Agua Blanca,45427
3939,Dannie Fox,CIUDAD GRANJA,45010
3940,Danny Trejo,Agua Blanca,45427
3941,Dario Rowland,COLINAS DE ATEMAJAC,45170
3942,Darius The Great,LAS JUNTAS,45590
3943,David Ortiz,Agua Blanca,45427
3944,Del Leslie,Agua Blanca,45427
3945,Democratitzem emportinaven SA,COLINAS DE ATEMAJAC,45170
3946,Dena Carpenter,Agua Blanca,45427
3947,Denzel Washington,Agua Blanca,45427
3948,DesembalÖs queixalat ,COLINAS DE ATEMAJAC,45170
3949,Desemmantellis translativa equivocau SA,JARDINES DE SAN IGNACIO,45040
3950,Desempapatxes amotessin SLU,Agua Blanca,45427
3951,DesenllaquÇsseu afanyassin jurÖssiu SLU,COLINAS DE ATEMAJAC,45170
3952,Desenllardisses envaeix laboratori SA,Agua Blanca,45427
3953,Desenllepolix immigrats SL,COLINAS DE ATEMAJAC,45170
3954,Desfavoreixo electriu ornamentarien SLU,Agua Blanca,45427
3955,Desfolrassin deshabitis motorismes ,Agua Blanca,45427
3956,Desgelarien blasonam SLU,Agua Blanca,45427
3957,Desitjar°em incitÖrem SA,EL COLLI URBANO,45070
3958,Deslletarem paronomÖstics SLU,Agua Blanca,45427
3959,Despalatalitzam formatjÖ descol˙locassis SA,Agua Blanca,45427
3960,Destiny Norris,Agua Blanca,45427
3961,Desvalorau embofegar replug° ,Agua Blanca,45427
3962,Devin Redmond,Agua Blanca,44160
3963,Dia Barber,Agua Blanca,45427
3964,Dialectologies copat SLU,Agua Blanca,45427
3965,Diane Kruger,Agua Blanca,45427
3966,Diane Lane,Agua Blanca,45427
3967,Dina Candana Oneca,Agua Blanca,45427
3968,Dina Portera Ordax,COLINAS DE ATEMAJAC,45170
3969,Dionna Beal,Agua Blanca,45427
3970,Dirk Nowitzki,Agua Blanca,45427
3971,Dividint predominÖvem ,EL COLLI,45070
3972,Dmitry Donskoy,LADRON DE GUEVARA,44600
3973,Don Hutson,Agua Blanca,45427
3974,Donald Allman,Agua Blanca,45427
3975,Donald Bradman,Agua Blanca,45427
3976,Donald Nixon,PROVIDENCIA,4550
3977,Dong Nelson,RESIDENCIAL VICTORIA,45089
3978,Donita Travers,COLINAS DE ATEMAJAC,45170
3979,Donte Hook,Agua Blanca,45427
3980,Dorcas Whittle,BOLIVAR DE LOS PADRES,1780
3981,Doreatha Potter,Agua Blanca,45427
3982,Doyle Holt,Agua Blanca,45427
3983,Dringuejar°eu cruixiria desniem SLU,Agua Blanca,45427
3984,Dulce Gibbons,RESIDENCIAL STA.MARGARITA,45130
3985,Dwyane Wade,COLINAS DE ATEMAJAC,45170
3986,Earlene Mcdermott,JDES.DE LA PLAZA DEL SOL,44510
3987,Easter Corrigan,Agua Blanca,45427
3988,Eden Sher,Agua Blanca,45427
3989,Eden Williamson,LOS ENCINOS,20126
3990,Edward Norton,JARDINES DE LA CRUZ,44540
3991,Eimar Pescaredo Alcalde,AURORA,44790
3992,Electra Pastor Beitia,Agua Blanca,45427
3993,Elisha Cuthbert,Agua Blanca,45427
3994,Elizabeth I of England,ARTESANOS,45598
3995,Elizebeth Nairn,Agua Blanca,45427
3996,Elmer Bonner,Agua Blanca,45427
3997,Elois Reilly,Agua Blanca,45427
3998,Eloisa Searle,COLINAS DE ATEMAJAC,45170
3999,Elton Banks,JARDINES DEL SOL,45050
4000,Embagaren desempaquetem envaãa CB,Agua Blanca,45427
4001,Emelia Harwood,Agua Blanca,45427
4002,Emeline Shepherd,Agua Blanca,45427
4003,Emerson Stephenson,CAMINO REAL,45040
4004,Emilia Gilmour,Agua Blanca,45427
4005,Emily Osment,Agua Blanca,45427
4006,Emma Stone,RINCONADA DEL BOSQUE,44540
4007,Emmaline Berry,Agua Blanca,45427
4008,Emperor Meiji,Agua Blanca,45427
4009,Empress Jingu,Agua Blanca,45427
4010,Encarna Horihuela Morana,RESIDENCIAL JUAN MANUEL,44680
4011,Endomassares fregeixi SLU,Agua Blanca,45427
4012,Engallofiran tifegem comandar°em CB,Agua Blanca,45427
4013,Entebe°rem descrostessin deixem SA,COLINAS DE ATEMAJAC,45170
4014,EntorcillarÖ negligäncia SLU,DEL FRESNO,44900
4015,EntrenyellÖssim adherissen ,CAMINO REAL,45040
4016,Eric the Red,Agua Blanca,45427
4017,Erica Hunter,EL ALAMO,45560
4018,Esbatussem aureolant ,DEL FRESNO,44909
4019,Espantacaáadors empallissi enlleganyis ,SAN CARLOS,44460
4020,Esquits verberaven jalonat CB,FERROCARRIL,46400
4021,Estefan°a Yunibarbia Ester,JARDIN REAL,45019
4022,Esther Arizmendi Urigarri,Agua Blanca,45170
4023,EstrenÖs saludaran saltironejarien SA,ALCALDE BARRANQUITAS,44270
4024,Estuforneu acagallonÖreu multiplicands SLU,Agua Blanca,45427
4025,Eternalment votÖssiu desacceleraran SL,JARDINES DEL BOSQUE,44520
4026,Eugenio Maguire,AMERICANA,44140
4027,Eula Hamer,COLINAS DE ATEMAJAC,45170
4029,Eun Cartwright,Agua Blanca,45427
4030,Evalyn Mcdougall,JARDINES DEL BOSQUE,44570
4031,Evarista San Aedo,Agua Blanca,45427
4032,Expugnaria bronzeres SL,Agua Blanca,45427
4033,Extrusiu grossala ,EL BRISE•O,45236
4034,Fanny Watt,Agua Blanca,45427
4035,Fedor Emelianenko,COLINAS DE ATEMAJAC,45170
4036,Fidel Castro,Agua Blanca,45427
4037,Flavius Odoacer,CENTRO,83000
4038,Flectisquen espatllege SLU,JARDINES UNIVERSIDAD,45110
4039,Fran Major,MODERNA,44190
4040,Frances Fisher,Agua Blanca,45427
4041,Francesco Curran,Agua Blanca,45427
4042,Francesco Totti,CONCEPCION LA CRUZ,72197
4043,Francisco Colley,Agua Blanca,45427
4044,Frank Fredericks,Agua Blanca,45427
4045,Frankie Hook,Agua Blanca,45427
4046,Franklin D. Roosevelt,ARCOS VALLARTA,44130
4047,"Franklin Delano Roosevelt, Jr.",SAN SEBASTIAN EL GDE,44600
4048,Freddie Highmore,HECHEVERRIA,44970
4049,Frederick the Great,CENTRO,44100
4050,Frieda Joyce,JARDINES VALLARTA,45020
4051,FurtÖvem refusam CB,NUEVA GALICIA,45645
4052,Gallejat desarroentats SA,JARDINES DEL BOSQUE,44520
4053,Gareth Edwards,Agua Blanca,45427
4054,Garfield Sobers,FCO.SILVA ROMERO,45630
4055,"Gary Ablett, Sr.",Agua Blanca,45427
4056,Gemma Arterton,Agua Blanca,45427
4057,Gene Conley,Agua Blanca,45427
4058,Genesis Alcazar Cerrillo,Agua Blanca,45427
4059,Genesis Rodriguez,TEPEYAC,45150
4060,Genialitats salpreneu SL,COLINAS DE ATEMAJAC,45170
4061,George Best,LAS PINTAS,45690
4062,George Brett,SANTA ANITA,45645
4063,George St.Pierre,Agua Blanca,45427
4064,George Washington,Agua Blanca,44440
4065,Georges St-Pierre,COLINAS DE ATEMAJAC,45170
4066,Georgette Spence,Agua Blanca,45427
4067,Gerald Scott,LA RETAMA,52764
4068,Gerard Butler,Agua Blanca,45427
4069,Gerard Silva,Agua Blanca,45427
4070,Gerardo Quejana Delgado,Agua Blanca,45427
4071,Gerardo Whitehouse,Agua Blanca,45427
4072,"Gerold, Prefect of Bavaria",Agua Blanca,45427
4073,Gertie Curtis,RANCHO NUEVO,44240
4074,Gertrudis Dale,COLINAS DE ATEMAJAC,45170
4075,Gholamreza Takhti,Agua Blanca,45427
4076,Gigi Horton,COLINAS DE ATEMAJAC,45170
4077,Gladis Begum,MERCADO DE ABASTOS,44530
4078,Glennie Waters,COLINAS DE ATEMAJAC,45170
4079,Gordie Howe,Agua Blanca,45427
4080,Gramatitzam desenaste desargollaves SA,Agua Blanca,45427
4081,Gregorio Lennon,PRADOS VALLARTA,45020
4083,GronxolÖrem caponar SA,FLORES MAGON,45417
4084,Guacimara Ortiz Loureiro,COLINAS DE ATEMAJAC,45170
4085,Guaxara Cedron Vinegra,Agua Blanca,45427
4086,Guillermo Nalda Carrasquedo,CONSTITUCION ,45180
4087,Gustavus Adolphus of Sweden,COLINAS DE ATEMAJAC,45170
4088,Hai Hume,Agua Blanca,45427
4089,Hakeem Olajuwon,JARDINES DEL SOL,45050
4090,Haley Kaur,BUENOS AIRES,44983
4091,Hammurabi,Agua Blanca,45427
4092,Hang Willis,ZONA INDUSTRIAL,44940
4093,Hannibal,Agua Blanca,45427
4094,Harold Curtis,BOSQUES DE LA VICTORIA,44550
4095,Harry Booth,Agua Blanca,45427
4097,Harry S. Truman,Agua Blanca,45427
4098,Hassan Park,COLINAS DE ATEMAJAC,45170
4099,Hayden Christensen,Agua Blanca,45427
4100,Hayden Panettiere,CENTRO,27100
4101,Heath Ledger,Agua Blanca,45427
4102,Heath Pearce,Agua Blanca,45427
4103,Hector Mckenna,CIUDAD DEL SOL,45050
4104,Henar Sope•a O•ez,PARQUE INDUSTRIAL CIMEG,83299
4105,Henry Rono,Agua Blanca,45427
4106,"Henry VII, Holy Roman Emperor",RESIDENCIAL DEL BOSQUE,44510
4108,Hermina Dunlop,COLINAS DE ATEMAJAC,45170
4109,Herminia Escapa Astorgano,COUNTRY CLUB,44610
4110,Hilton Copeland,COLINAS DE ATEMAJAC,45170
4113,Ho Chi Minh,Agua Blanca,45427
4114,Homer Neville,Agua Blanca,45427
4115,Hope Hamer,CAMINO REAL,45040
4116,Hope Solo,PRADOS VALLARTA ,45020
4117,Hortensia Romano Zaera,JOCOTAN,45017
4118,Hossein Rezazadeh,COLINAS DE ATEMAJAC,45170
4119,Huey Phillips,Agua Blanca,45427
4121,Hugh Dancy,LOMAS DE GUADALUPE,45038
4124,Hugo Simons,Agua Blanca,45427
4125,Humberto Lerin Raigadas,Agua Blanca,45427
4126,Ian Thorpe,COLINAS DE ATEMAJAC,45170
4127,Impertärrita beli SA,PROVIDENCIA,44630
4128,Incentivaries pervertesc ,PRADOS VALLARTA,45020
4129,IndicÖ cÖbries SA,PRADOS VALLARTA,45020
4130,Indicada enforfollem SLU,Agua Blanca,45427
4131,InÇs Fabelo Somoza,COLINAS DE ATEMAJAC,45170
4132,Instituint llevaneu SA,Agua Blanca,45427
4133,Intercanviaven mug°s lucressen SL,MEXICALTZINGO,44180
4134,Intruãsques quillaven esbocinÖssiu ,Agua Blanca,45427
4135,I§aki Repuente Miruena,MORELOS,44910
4136,I§aki Toledo Madinabeitia,COLINAS DE ATEMAJAC,45170
4137,Iracundes motegÇsseu glapies CB,AMERICANA,44100
4138,Iris Gibson,COLINAS DE ATEMAJAC,45170
4139,Isabel Chapado Lerea, RESIDENCIAL REAL VALLARTA,45030
4140,Iver Francisco Pison,RINCONADA DEL BOSQUE,44530
4141,Ivonne Maxwell,PRADOS PROVIDENCIA,44670
4142,Iwan Rheon,Agua Blanca,45427
4143,Jackson Partridge,Agua Blanca,45427
4144,Jacob Aelle Lobo,VALLARTA PONIENTE,44100
4145,Jaime Cottrell,CIUDAD GRANJA,45010
4146,Jaimee Holmes,CIUDAD GRANJA,45010
4147,James Madison,Agua Blanca,45427
4148,James Monroe,JARDINES DE LOS ARCOS,44500
4149,Jamie Campbell Bower,CAMINO REAL,45040
4150,Jamie Foxx,ITALIA PROVIDENCIA,44648
4152,Jaquelyn Bernard,JUAN MANUEL VALLARTA,45120
4153,Jarod Judge,CONDOMINIO SANTA ANITA CLUB DE GOLF,45645
4154,Jayme Stephenson,COLINAS DE ATEMAJAC,45170
4155,Jean Kasem,JARDINES DEL BOSQUE,44520
4156,Jeanine Maguire,LOMAS DEL BOSQUE,45116
4157,Jeff Ward,AGUA BLANCA INDUSTRIAL,45234
4158,Jena Malone,COUNTRY CLUB ,44610
4159,Jennefer Morris,COUNTRY CLUB,44610
4160,Jennifer Lawrence,COUNTRY CLUB,44610
4161,Jeremy Wotherspoon,COUNTRY CLUB,44610
4162,Jerrod Savage,COUNTRY CLUB,44610
4163,Jerry West,COLINAS DE ATEMAJAC,45170
4164,Jesse Owens,ZONA INDUSTRIAL,44440
4165,Jessica Alba,LADRON DE GUEVARA,44600
4166,Jessica Chastain,UNIVERSITARIA,44840
4167,Jewell Fitzpatrick,JARDINES DE LOS ARCOS,44500
4168,Ji England,JARDINES UNIVERSIDAD ,45110
4172,Jim Ryan,Agua Blanca,45427
4173,Joan of Arc,COLINAS DE ATEMAJAC,45170
4175,Joe Montana,Agua Blanca,45427
4176,Johan Cruyff,JARDINES DE SAN IGNACIO,45040
4177,John Adams,GENERAL REAL,44400
4178,John F. Kennedy,COLINAS DE ATEMAJAC,45170
4179,Johna Woodcock,CENTRO,47600
4180,Jonathan Groff,PARQUE INDUSTRIAL EL ALAMO,44490
4182,Jonathan Rhys Meyers,JARDINES ALCALDE,44290
4183,Jonelle Rudd,ZONA INDUSTRIAL ,44940
4184,Jong Fenton,Agua Blanca,45427
4185,Joseph Gordon-Levitt,Agua Blanca,45427
4186,Joseph Morgan,CD. GRANJA,44289
4187,Joseph Stalin,RANCHO NUEVO,44240
4188,Josh Gad,Agua Blanca,45427
4189,Josip Broz Tito,COLINAS DE ATEMAJAC,45170
4190,Joycelyn Wainwright,CIUDAD  GRANJA,45010
4191,Judson Fleming,LOS MESEROS,45510
4192,Judy Clay,BUGAMBILIAS,45238
4193,Julene Watt,CENTRO,44100
4194,Julia Plaza Saiz,COLINAS DE ATEMAJAC,45170
4195,Julia Roberts,JARDINES DEL SUR,44950
4196,Julia Stiles,FERROCARRIL,44440
4197,Julianne Moore,COLINAS DE ATEMAJAC,45170
4198,Julie Nicol,Agua Blanca,45427
4199,Julio C«∏sar Ch«≠vez,COLINAS DE ATEMAJAC,45170
4201,Julio Childs,CAMPO POLO,45040
4202,Julius Caesar,Agua Blanca,45427
4203,Julius Peppers,Agua Blanca,45427
4204,Justinian I,COLINAS DE ATEMAJAC,45170
4205,Kam Keenan,VALLARTA SAN JORGE,44690
4206,Kareem Abdul-Jabbar,CIUDAD DE LOS NI•OS ,45040
4207,Karen Smyers,Agua Blanca,45427
4208,Karim Colmenares Unzaga,COLINAS DE ATEMAJAC,45170
4209,Karl Marx,AMERICANA,45010
4210,Karl Tabares Santecilla,Agua Blanca,45427
4211,Karleen Payne,Agua Blanca,45427
4212,Kate Hudson,Agua Blanca,45427
4213,Kate Rodriguez,COLINAS DE ATEMAJAC,45170
4214,Kate Upton,REAL VALLARTA,45030
4215,Katherine Heigl,VALENTIN GOMEZ FARIAS,44970
4216,Katheryn Winnick,OBRERA ,44420
4217,Kathryn Farley,LAS CA•ADAS,45204
4218,Kayleigh Bate,LOMAS DEL SUR ,44600
4219,Ken Block,CD. DE LOS NI•OS ,45040
4220,Kennith East,JARDINES DEL BOSQUE,44520
4221,Kenny Britt,JARDINES DE SAN IGNACIO,45040
4222,Kenton Lang,COLINAS DE ATEMAJAC,45170
4223,Keri Russell,QUINTA VELARDE,44430
4224,Kermit Grimes,COLINAS DE ATEMAJAC,45170
4225,Keshia Waring,SAN MIGUEL CHAPULTEPEC,11850
4226,Kevin Costner,JARDINES DEL BOSQUE ,44520
4227,Kevin Durant,COLONOS PROVIDENCIA,44660
4228,Khalilah Talbot,MONRRAZ,44670
4229,Kiefer Ravena,DEL VALLE,3100
4231,Kirsten Dunst,Agua Blanca,45427
4234,Kirstie Welch,CIUDAD  GRANJA,45010
4235,Kit Harington,COLINAS DE ATEMAJAC,45170
4236,Kortney Sawyer,COLINAS DE ATEMAJAC,45170
4237,Kris Fletcher,COLINAS DE ATEMAJAC,45170
4239,Kristen Stewart,Agua Blanca,45427
4240,Kristy Edmonds,Agua Blanca,45427
4241,Krisztina Egerszegi,UNION OBRERA,44160
4242,Kubla Khan,MIRAMAR,45060
4243,Kym Haines,Agua Blanca,45427
4244,L«≠szl«¸ Nagy,JARDINES DE PROVIDENCIA,44630
4245,Lacie Rodriguez,VALLARTA  SUR,44500
4246,Lake Bell,COLINAS DE ATEMAJAC,45170
4247,Lakeesha Hudson,Agua Blanca,49000
4248,Lance Armstrong,DEL FRESNO,44900
4249,Lango Taboada Zamora,VENTA DEL ASTILLERO,45220
4250,Lanora Larsen,INDUSTRIAL NOGALAR ,66484
4251,Larry Bird,BOSQUES DEL CENTINELA 1,45187
4252,Larry Woolley,COLINAS DE ATEMAJAC,45170
4253,Lashell Whittaker,COLINAS DE ATEMAJAC,45170
4254,Latia Lyons,CIUDAD DEL SOL,45050
4255,Laura Spencer,PRADOS TEPEYAC ,45050
4256,Lauralee Fellows,ALTAMIRA ,45160
4257,Lauran Warner,DEL FRESNO,44900
4258,Laureano Sabugo Tirado,DEITZ,44158
4259,Lauren Miller,CAMINO REAL,45020
4260,Laurene Neale,LAS AMERICAS ,44680
4261,Lauri Macdonald,Agua Blanca,45427
4262,Lawrence Taylor,CENTRO,59510
4263,Le Strong,COLINAS DE ATEMAJAC,45170
4264,Leah Shepherd,COLONIAL TLAQUEPAQUE,45570
4265,Leanne Mcneill,FRACC. ALAMO INDUSTRIAL,44460
4274,Leda Farrow,RANCHO NUEVO,44240
4275,Lee Pace,AMERICANA,44200
4276,Leif Ericson,STA. TERESITA,44200
4277,Len Dawson,PRADOS TEPEYAC,45050
4278,Lena Headey,LAS CONCHAS,45040
4279,Lenny Gondorillas Maeda,PRADOS VALLARTA,45020
4280,Leo Donnelly,COLINAS DE ATEMAJAC,45170
4281,Leonida Bevan,CIUDAD DE LOS NI•OS,45040
4282,Leonora Gilbey,FCTO. ARBOLEDAS,45070
4283,Leroy Ituarte Cotes,JOCOTAN,45017
4284,Lesley Wright,MODERNA,44190
4285,Levi Samuels,COLINAS DE ATEMAJAC,45170
4286,Lewis Jarvis,COLOMOS PATRIA,45110
4287,Liam Hemsworth,COLINAS DE ATEMAJAC,45170
4288,Liam Neeson,MIRADOR DE SAN ISIDRO,45132
4289,Liberty Ratcliffe,Agua Blanca,45167
4290,Ligia Vozmediano Navarro,LOMA BONITA EJIDAL,45085
4291,Lilia Davie,ARCOS VALLARTA,44130
4292,Lilia Penn,LA VENTA DEL ASTILLERO,45221
4293,Liliana Oterino Cuquejo,BELIZARIO,44330
4294,Lily Dickinson,VALLARTA NORTE,44690
4295,Lily James,PRADOS VALLARTA ,45020
4296,Linda Cardellini,JRD. DEL BOSQUE,45500
4297,Lindsay Lohan,EL CHANTE ,45800
4298,Lissette Sharp,COLINAS DE ATEMAJAC,45170
4299,Lloyd Drummond,BENITO JUAREZ ,45199
4300,Logan Hull,PROVIDENCIA ,44630
4301,Lois Cullen,COLINAS DE ATEMAJAC,45170
4302,Lona Moran,BALCONES DEL SOL ,45060
4303,Loralee Sargent,CIRCUMBALACION GUEVARA,44680
4304,Loriann Parry,CENTRO,44180
4305,Lorinda Holden,Agua Blanca,45427
4306,Lou Gehrig,LAS PINTITAS,45680
4307,Louella Higgs,LOMAS BERDES,53120
4308,Loyd Corbett,FTO. 8 DE JULIO,44910
4309,Luciana Noriega Cothal,PASEOS DEL SOL,45079
4310,Luciano Grados Lebrija,PRADOS TEPEYAC ,45050
4311,Lucien Hewitt,PRADOS TEPEYAC,45050
4312,Lucinda Elliott,Agua Blanca,45427
4313,Luetta Langley,LOMAS DE ZAPOPAN,45130
4314,Luisa Cullen,VALLARTA SAN JORGE,44690
4315,Lutgandy Agudo Freyle,PROVIDENCIA,44630
4316,Mabel Hindle,JARDINES DEL NILO,44860
4317,Machelle Kane,CENTRO,44100
4318,Madai Manzarias Due•as,Agua Blanca,48850
4319,Mads Mikkelsen,Agua Blanca,45427
4320,Magan Robinson,JARDINES DE GUADALUPE,45030
4321,Magnificar reanimaries CB,ACIENDA SAN JOSE,45106
4322,Mahatma Gandhi,COLINAS DE ATEMAJAC,45170
4323,Malcolm Daniels,RESIDENCIAL LOMA BONITA,45086
4324,Manny Ramirez,LA ESPERANZA ,44300
4325,Mao Zedong,JARDINES DE SAN IGNACIO,45040
4327,Maradona,JARDINES DE SAN IGNACIO,45040
4328,Marci Carroll,LA FLORESTA,48332
4329,Maregassa entredevorarem CB,Agua Blanca,45427
4330,Margaret Thatcher,MODERNA,44190
4331,Margarita Charlton,JARDINES DE PLAZA DEL SOL,44510
4332,Margie Osborne,STA. TERESITA,44600
4333,Margot Robbie,JARDINES DE SAN IGNACIO,45040
4334,Mariel Gamble,CIUDAD DEL SOL ,45050
4335,Marion Cotillard,COLINAS DE ATEMAJAC,45170
4336,Marisela Rioja Garay,SANTA ELENA ALCALDE,44220
4337,Markita Morley,JARDINES DE GUADALUPE,45030
4338,Marquis Southern,INDEPENDENCIA,44290
4339,Marshall Leach,COLINAS DE ATEMAJAC,45170
4340,Marta Garibay Vall,Agua Blanca,45427
4341,Martina Navratilova,LOMAS DEL COLLI,45037
4342,Marvella Stubbs,COLINAS DE ATEMAJAC,45170
4343,Mary Lynn Rajskub,JARDINES DE PLAZA DEL SOL,44510
4344,Maryann Bellamy,VALLARTA NORTE,44690
4345,Marybeth Fuller,COLINAS DE ATEMAJAC,45170
4346,Maryellen Lloyd,AMERICANA,44160
4347,Maryjo Hulme,CENTRO,59600
4348,Matt Frost,COLINAS DE ATEMAJAC,45170
4349,Maudie O brien,LA TIJERA,45647
4350,Maurice Greene,COLINAS DE ATEMAJAC,45170
4351,Maurice Rocket Richard,VILLA LA VICTORIA,44535
4352,Mauricio Dunne,PROVIDENCIA,44670
4353,Mavis Lee,COLINAS DE ATEMAJAC,45170
4354,Maxel Rayon Vial,CAMINO REAL,45050
4355,"Maximilian I, Holy Roman Emperor",SANTANA TEPETITLAN,45230
4356,Maya Nichols,CIUDAD DEL SOL,45050
4357,Mayra Yarritu Ciencabrero,JARDINES DEL BOSQUE,44520
4358,Megan Boone,AMERICANA,44160
4359,Melina Brookes,LADRON DE GUEVARA,44650
4360,Mercy Ross,VERGEL,89750
4361,Merideth Tait,CONUNTRY CLUB,44610
4362,Meryl Streep,COLINAS DE ATEMAJAC,45170
4363,Micaela Honorato Robles,JUAN MANUEL VALLARTA,45120
4364,Micaela Weston,JARDINES DE LOS ARCOS,44500
4365,Michael C. Hall,FTO. BACA,33800
4366,Michael Johnson,ARCOS SUR,44520
4367,Michael Jordan,COLOMOS RESIDENCIAL ,44660
4368,Michael Phelps,PROVIDENCIA,44630
4369,Michael Schumacher,COLINAS DE ATEMAJAC,45170
4370,Michael Vick,CIUDAD DEL SOL,45050
4371,Michal Cohen,COLINAS DE ATEMAJAC,45170
4372,Micheal Phelps,Agua Blanca,45427
4373,Michelle Monaghan,Agua Blanca,45427
4374,Mickey Mantle,PROVIDENCIA,44630
4375,Mike Tyson,LAS HUERTAS ,44380
4376,Mikhail Gorbachev,ARCOS VALLARTA,44130
4377,Min Gilbey,Agua Blanca,45427
4378,Miroslava Cerredo Lugunez,SANTA FE,45168
4379,MitifiquÇssim peptitzarien CB,COLINAS DE ATEMAJAC,45170
4380,Miyoko Gill,COLINAS DE ATEMAJAC,45170
4381,Moctezuma I,LA PRIMAVERA ,45221
4382,Modesta Haynes,Agua Blanca,45427
4383,Mohamed Walters,DELEG. CUAUHTEMOC,6000
4384,Mohammad Gibbs,TABACHINES,45188
4385,Moixaina tumefacta vetlava CB,SANTA MARGARITA,45135
4386,Monetitzo ganejaran CB,GUADALUPANA,44220
4387,Moon Walmsley,Agua Blanca,45427
4388,Morgan Hayward,JARDINES DE SAN IGNACIO,45040
4389,Morris Turnbull,COLINAS DE ATEMAJAC,45170
4390,Moses,ITALIA,44640
4391,Mother Teresa,SAN MIGUEL DE MEZQUITAN,44260
4392,Muhammad Ali,MERCADO DE ABASTOS,44530
4393,Mustafa Kemal Atat«¨rk,COLINAS DE ATEMAJAC,45170
4394,Myong Greaves,Agua Blanca,45427
4395,Myriam English,Agua Blanca,45427
4396,Naim S«¨leymanoé?lu,COLINAS DE ATEMAJAC,45170
4397,Nakisha John,PRADOS TEPEYAC,45050
4398,Napoleon Bonaparte,TORRE B 2do NIVEL LADO A,45050
4399,Narcelith Irigoras Pico,RESIDENCIAL DEL BOSQUE,44510
4400,Nazario Basagoitia Ochandiano,AMERICANA,44160
4401,Newton Andrew,VILLA SE•OR,44200
4402,Niccol«˝ Machiavelli,COLINAS DE ATEMAJAC,45170
4403,Nick Collins,VILLA SE•OR,44600
4404,Nickee Tigero Urdapilleta,UNIDAD REPUBLICA,45160
4405,Nicol David,JARDINES DE SAN IGNACIO ,45040
4406,Nicolas Cage,PROVIDENCIA  1a 2a y 3a SECCION,44630
4407,Nicole Kidman,ZONA HOTELERA NORTE,48333
4408,Nicolette Cerrillo Nougaro,LOMAS DE TLAQUEPAUQE,45550
4409,Nigel Jacobs,LA TIJERA,45645
4410,Nikola Juriè≠ié?,JARDINES DEL BOSQUE,44520
4411,Nikos Galis,COLINAS DE ATEMAJAC,45170
4412,Nilda Vincent,PRADOS VALLARTA,44020
4413,Nohely Dragana Balerdi,TLAQUEPAQUE CENTRO,45550
4414,Norman Reedus,Agua Blanca,45427
4415,Novak Djokovic,Agua Blanca,45427
4416,Odell Lowe,CAMINO REAL,45050
4417,Ofelia Larrinzar Preciado,STA MARGARITA,45135
4418,Ola Leigh,FERROCARRIL,4440
4419,Ollie Stuart,PROVIDENCIA  1ß  2ß 3ß SECCION,44630
4420,Olympia Armstrong,FRACTO. REVOLUCION ,45580
4421,Ona Hicks,Agua Blanca,45427
4422,Oneida Cole,CENTRO,20000
4423,Oscar adelites nobiliari ,JARDINES DEL SOL,45050
4424,Oscar DeLa Hoya,RESIDENCIAL  LA CRUZ,44950
4425,Osdel Ni•o Husarte,Agua Blanca,45427
4426,"Otto I the Great, Holy Roman Emperor",PROVIDENCIA ,44630
4427,Otto von Bismarck,JADINES DE PLAZA DEL SOL,44510
4428,Pablo Baraga•o Falavarte,STA  MARGARITA,45140
4429,Pacual Zumel Inda,Agua Blanca,45427
4430,Pamelia Randall,COLINAS DE ATEMAJAC,45170
4431,Particia Eastwood,AMERICANA,26750
4432,Patrice Mclean,CENTRO,47600
4433,Patrice Odling,SANTA ANITA,45645
4434,Patrick Willis,PROVIDENCIA,44670
4435,Paul Diggin,JARDINES DEL BOSQUE,44520
4436,Paul Reid,Agua Blanca,45427
4437,Paula Newby-Fraser,SAN JUAN DE OCOTAN,45019
4438,Paula Patton,JARDINES DEL VALLE,45138
4439,Pavel Nedvé?d,JUAN MANUEL VALLARTA,45120
4440,Paz Quintarnaya Cobo,MIRADOR DEL SOL ,45054
4441,Pearl Howells,DEL SUR,44920
4442,Pedro Martinez,LADRON DE GUEVARA,44650
4443,Pepin the Short,JARDINES DEL BOSQUE,44540
4444,Perifrasejat retraguÇreu tosquirÖssim CB,RECIDENCIAL PLAZA GUADALUPE,45030
4445,Perla Goldsmith,ARBOLEDAS,45070
4446,Permitents esbadiassis engrunyoneixen SLU,PASEOS DEL SOL,45079
4447,Peter the Great,VALLARTA NORTE ,44690
4448,Philip II of Macedon,LA CORONILLA,45180
4449,PintÖs bussejadors tritllejaven ,JARDINES DEL BOSQUE,44520
4450,Plementeria melindrejÖs culejarÇ CB,COLINAS DE ATEMAJAC,45170
4451,Pobreig compactarem SA,AGUA BLANCA,45235
4452,Ponentejaran esbarriades SL,COLINAS DE ATEMAJAC,45170
4453,Posterguessis reenvidareu SLU,ROMA,64700
4454,PresentÇs despedreguesses SLU,ARBOLEDAS ,45070
4455,PudelÖrem canviarien SLU,Agua Blanca,45427
4456,Punxo carenejades CB,PROVIDENCIA,44630
4457,Quaid-e-Azam Muhammad Ali Jinnah,LADRON DE GUEVARA,44600
4458,Queen Isabella of Spain,JARDINES DEL COUNTRY,44210
4459,Queen Victoria,COLINAS DE ATEMAJAC,45170
4460,Quentin Tarantino,LOMAS ALTAS ,45128
4461,Quetzalcoatl Heres Urtueta,LOMAS ALTAS,45128
4462,Quiana Whitworth,MIRAVALLE,44990
4463,Quincy Silva,CAMINO REAL ,45050
4464,Rachel Nichols,ACIENDA DE TEPEYAC,45053
4465,Raeann Beattie,COLINAS DE ATEMAJAC,45170
4467,Rafael Nadal,LAS FUENTES,45070
4468,Rahul Dravid,ANZURES,11590
4469,Ralph Waite,COLOMOS PROVIDENCIA ,44660
4470,Ramses II,EL COLLI URBANO,45070
4471,Randy Newman,VOLLA DE GUADALUPE ,45189
4472,Randy Plummer,Agua Blanca,45427
4473,Ray Lewis,ARENALES TAPATIOS,45066
4474,Raymonde Kane,VIVIENDA POPULAR,67170
4475,Rebeca Rabin Careaga,COLINAS DE ATEMAJAC,45170
4476,Recolzi cementÖvem perdura ,AMERICANA,44160
4477,Reesmeráassin dosifiqueu CB,COLINAS DE ATEMAJAC,45170
4478,Refugio Kouma,COLINAS DE ATEMAJAC,45170
4479,Regalisme esterrecaria ,Agua Blanca,45427
4480,Regan Dyer,LOMS DE POLANCO,44960
4481,Regina Peterson,ROJAS LADRON DE GUEVARA,44650
4482,Reinhold Messner,Agua Blanca,49340
4483,RelaxÖssiu embragades CB,SANTA TERESITA,44600
4484,Rena Roach,DEL BOSQUE,44520
4485,Richard I. of England,SANTA TERESITA,44600
4486,RJ Mitte,SANTA TERESITA,44600
4487,Rob Gronkowski,COLINAS DE ATEMAJAC,45170
4488,Rob Ray,MODERNA,44190
4489,Robin van Persie,MERCADO DE ABASTOA,44550
4490,Robt Mckenzie,Agua Blanca,45427
4491,Rochel Reeve,JARDINES DE LOS ARCOS,44500
4492,Rocky Marciano,NUEVO MEXICO,45201
4493,Rodolfo Llana Rioz,Agua Blanca,45427
4494,Roger Bannister,Agua Blanca,45427
4495,Roger Decoster,VALLARTA NORTE ,44690
4496,Roland Strong,CIUDAD DEL SOL,45050
4497,Rolando Legorburu Vijil,PROVIDENCIA,44030
4498,Ronald Reagan,RESISDENCIAL VICTORIA,44560
4499,Ronni Davis,VILLA UNIVERSITARIA,45110
4500,Ronnie Gregory,Agua Blanca,45427
4501,Rosalie Hogg,JARDINES DEL BOSQUE,44520
4502,Rosann Wales,Agua Blanca,45427
4503,Rosaura Evans,JARDINES DEL SUR,44950
4504,Rose Byrne,LA ESTANCIA,45030
4505,Roy Adamson,CENTRO,46900
4506,Roy Jones Jr.,EL PALOMAR,44680
4507,Royce Gracie,LADRON DE GUEVARA,44600
4508,Rudy Benson,PROVIDENCIA,44630
4509,Rudy Hobbs,JARDINES DE GUADALUPE,45030
4510,Rusty Sanders,CENTRO,45400
4511,Ryan Canelas Torio,COLINAS DE ATEMAJAC,45170
4512,Ryan Fitzpatrick,MODERNA,44190
4513,Sacha Lobera Pando,CHAPULTEPEC COUNTRY,44620
4514,Saiola fotisquejava SL,SANTA CRUZ DE LAS FLORES,45640
4515,Salah al-Din,JARDINES DEL BOSQUE,44520
4516,Salustiano Burdeos Tejerina,CENTRO CIUDAD SANTA FE,1210
4517,Samantha Morton,NICOLAS R. CASILLAS,45650
4518,Sanath Jayasuriya,LA CALMA,45070
4519,Sandra Bullock,SANTA EDUWIGES,44580
4520,Sandra Greenwood,COLINAS DE ATEMAJAC,45170
4521,Sanora Connelly,LAS AGUILAS,45080
4522,Santos Wheeler,COLINAS DE ATEMAJAC,45170
4523,Saoirse Ronan,CHAPAL•ITA,45050
4524,Sarah Hyland,COLINAS DE ATEMAJAC,45170
4525,Sarah Silverman,CAMPO DE POLO,45040
4526,Sargon the Great,ARCOS VALLARTA,44130
4528,Satchel Paige,MONRAZ,44670
4529,Saulo Miranes Pascual,CIRCUMBALACION VALLARTA,44680
4530,Savanna Blackman,LA TIJERA,45060
4531,Scarlett Johansson,LOMA BONITA RESIDENCIAL,45086
4532,Scott Richmond,LOS MAESTROS,45150
4533,Scottie Pippen,UNIVERSIDAD MEXICO,44400
4534,Sean Bean,Agua Blanca,45427
4535,Sebastian Coe,ANZURES DEL MIGUEL HIDALGO,11590
4536,Sebastian Stan,COLINAS DE ATEMAJAC,45170
4537,Selene Whitfield,AYUNTAMIENTO,44260
4538,Selim I,FRACCIONAMIENTO RANCHO SAN JOSE,45645
4539,Serena Williams,Agua Blanca,45427
4540,Sergio Encio Bribiesca,JARDINES DEL BOSQUE,44520
4541,Serpentines sobrecongelÇsseu CB,COLINAS DE ATEMAJAC,45170
4542,Shandra Murphy,PASEOS DEL SOL,45640
4543,Shani Andrew,LA ESTANCIA,45030
4544,Shanika Joyce,COLINAS DE ATEMAJAC,45170
4545,Shanna Franks,CENTRO,44100
4546,Shaquille O'Neal,JARDINES DE LA CRUZ,45950
4547,Shaquita Welch,ARCOS VALLARTA,4430
4548,Sharika Blair,ARCOS VALLARTA,44130
4549,Sharmaine Crossley,AMERICANA ,44142
4550,Sharon Idiaquez Llorden,LOMAS DE LA PRIMAVERA,45066
4551,Sharron Abraham,JARDINES VALLARTA ,45027
4552,Shavonda Barnes,LOMAS DE PROVIDENCIA,44647
4553,Shawnta Ellwood,COLINAS DE ATEMAJAC,45170
4554,Shela Bains,COLINAS DE ATEMAJAC,45170
4555,Shelby Bentley,CAMINO REAL,45040
4556,Shinji Kagawa,COLOMOS ALTAMIRA,45160
4557,Shohreh Aghdashloo,PROVIDENCIA,44680
4558,Sid Whitehead,COLINAS DE ATEMAJAC,45170
4559,Siddhartha Gautama Buddha,VALLE DE SAN ISIDRO,45137
4560,Sierra Bob,CAMINO REAL ,45040
4561,Sierra Nichols,CAMINO REAL,45040
4562,Simon Bolivar Buckner,LADRON DE GUEVARA,44600
4563,Simone Moseley,CIUDAD DEL SOL,45050
4564,Simonne Gray,CENTRO,59000
4565,Sirena Mcmillan,Agua Blanca,45427
4566,Sobresembrares manomätric dis£rics SA,LOMAS DEL VALLE ,45129
4567,Socorro Hilton,COLINAS DE ATEMAJAC,45170
4568,Solange Knowles,PROVIDENCIA,44620
4569,Somiejar salinÖssiu aquissaves ,CIUDAD DEL SOL,45050
4570,Son Bloom,CENTRO,44100
4571,Sophia Bush,CENTRO,27000
4572,SostÇn giradiscs cantellejau ,LADRON DE GUEVARA,44650
4573,Stana Katic,Agua Blanca,45427
4574,Stanton Kelly,OBRERA,44150
4575,Starr Paine,PASEOS DEL SOL,45079
4576,Stefania Leech,CENTRO,44400
4577,Stephaine Begum,PASEOS DEL SOL,45079
4578,Stephen Sutton,JARDINES DEL COUNTRY ,44210
4579,Steve Redgrave,Agua Blanca,45427
4580,Steve Smith,JARDINES DE PLAZA DEL SOL,44510
4581,Suanne Marshall,CAMPESTRE ALVARO OBREGON,4010
4582,Suk Larkin,STA. MARGARITA,45140
4583,Suleyman The Magnificent,MODERNA,44190
4584,Sultan II. Abdulhamid Khan,CENTRO,44100
4585,Sultan Mehmed II,JARDINES ALCALDE ,44298
4586,Sun Cousins,AMERICANA,44160
4587,Sun Tzu,JARDINES DE SAN IGNACIO,45040
4588,Sunshine Mohammed,SAN JUAN DE OCOTAN ,45019
4589,SuscitÇssim enrajolÖssim assegur CB,EMILIANO ZAPATA,48380
4590,Susy Stanton,Agua Blanca,45427
4591,Suzanna Dickson,MODERNA,44190
4592,Sylvester Stallone,COLINAS DE ATEMAJAC,45170
4593,Syreeta Leech,LOMAS DEL COUTRY,44610
4594,T. J. Yates,COLINAS DE ATEMAJAC,45170
4595,Taisha Dunkley,ZONA INDUSTRIAL,44940
4596,Taissa Farmiga,Agua Blanca,45427
4597,Takisha Searle,ARTESANOS ,44200
4598,Talitha Macgregor,BARRERA,44150
4599,Tamara Connelly,Agua Blanca,45130
4600,Tanja Mcmahon,SECTOR LIBERTAD ,44360
4601,Tanner Glover,EL BRICE•O ,45236
4602,Tanya Sharples,VILLA UNIVERSITARIA ,45110
4603,Temeka Guest,Agua Blanca,44940
4604,Tempie Connelly,JARDINES DEL BOSQUE,44520
4605,Tena Nash,INDEPENDENCIA,44290
4606,Tennie Braithwaite,JARDINES DE LOS ARCOS,44500
4607,Tennie Wharton,COLINAS DE ATEMAJAC,45170
4608,Teodora Hope,GUADALUPE JARDIN,45030
4609,Teodoro Weston,ARCOS VALLARTA,44230
4610,Teofila Mcfarlane,COLINAS DE ATEMAJAC,45170
4611,Terrence Fawcett,JARDINES DEL BOSQUE,44520
4612,Terry Bradshaw,Agua Blanca,45427
4613,Tess Goulding,INDEPENDENCIA ORIENTE,44340
4614,Thad Stanley,JARDINES DEL SOL,45050
4615,Theoderic the Great,RINCONADA DE LA ARBOLEDA,44920
4616,Theresia Carr,LOMAS DE TLAQUEPAQUE,45520
4617,Thierry Henry,FRACC. HIDALGO ,37220
4618,Thomas Jefferson,TERRALTA,45594
4619,Thu Aitken,Agua Blanca,45427
4620,Tifany Hindley,MODERNA ,44190
4621,Tiffaney Bullock,CIUDAD GRANJA,45010
4622,Tiki Barber,COL. CIRCUNVALACI‡N LADRON DE GUEVARA,44680
4623,Tim Grimes,JOCOTAN,45017
4624,Titllar embarumaria SA,MARIANO OTERO ,45067
4625,Tobias Farrington,JARDINES VALLARTA,45027
4626,Tobias Oliver,COLINAS DE ATEMAJAC,45170
4627,Toccara Dupont,Agua Blanca,45427
4628,Tom Hardy,AMERICANA,44100
4629,Tomoko Holden,FRACCIONAMIENTO INDUSTRIAL EL CAMINO,45601
4630,Tonja Carpenter,VALLARTA SUR,44500
4631,Tonya Akhtar,CENTRO,44200
4632,Toyotomi Hideyoshi,COLINAS DE ATEMAJAC,45170
4633,Tracey Sims,Agua Blanca,45427
4634,Tracy Mcgrady,TOLUQUILLA,45610
4635,Tracy Mckenzie,JARDINES DE SAN IGNACIO,45040
4636,Travis Pastrana,LOMAS DEL VALLE,45129
4637,Trini Aguiar Gigante,CENTRO,49000
4638,Tuan Howarth,MODERNA ,44190
4639,Tupac Yupanqui,LA CALMA,45070
4640,Tuyet Cousins,COLINAS DE ATEMAJAC,45170
4641,Ty Cobb,Agua Blanca,45427
4642,Uriel Tocos Toro,LADRON DE GUEBARA,44650
4643,Valerie Omente Bra•a,CIUDAD DEL SOL,45050
4644,Vanessa Hudgens,PROVIDENCIA,44670
4645,Vania Mansell,COLINAS DE ATEMAJAC,45170
4646,Vasily Alekseyev,Agua Blanca,45427
4647,Venice Hagan,PARQUES DE SANTA MARIA,45601
4648,Vertie Durrant,QUINTA VELARDE,44430
4649,Vickie Mitchell,COLINAS DE ATEMAJAC,45170
4650,Vin Diesel,NOCHE BUENA,3720
4652,Vincenzo Mccormack,LAS FUENTES,45070
4653,Virgen Perez,VILLA SE•OR,44600
4654,Virgina Waller,JARDINES VALLARTA,45027
4655,Vivian Baul Suarez,DOCTORES ,6720
4656,Vladimir Lenin,COLINAS DE ATEMAJAC,45170
4657,Vladimir Putin,VALLARTA NORTE,44690
4658,Wally Turner,CIUDAD DE LOS NI•OS ,45609
4659,Wayne Gretzky,LADRON DE GUEVARA,0
4660,Wendolyn Tate,LOMAS DE POLANCO,44960
4661,Whitley Bowen,MODERNA ,44190
4662,Widukind,LOS ARCOS  SUR,44130
4663,Wilburn Sharpe,COLINAS DE ATEMAJAC,45170
4664,Wilhemina Baker,LA ESTANCIA,45030
4665,Willa Holland,LOMA BONITA,45085
4666,William the Conqueror,PROVIDENCIA  CURTA SECCION,44639
4667,Willie Mays,JARDINES DEL SOL,45050
4668,Wilma Rudolph,Agua Blanca,45427
4669,Wilt Chamberlain,JARDINES DE PLAZA DEL SOL,44510
4670,Winston Churchill,JORGE ALMADA,80200
4671,Xerxes the Great,CAMINO REAL,45040
4672,Xisclem peptitzar CB,OBRERA CENTRO,44140
4674,Yang Mccabe,EL DEAN,44440
4675,Yariel Llantaron Obregon,CIUDAD DE LOS NI•OS ,45040
4676,Yazmin Tornamira Saludes,JARDINES DEL BOSQUE,44520
4677,Yer Smith,COLINAS DE ATEMAJAC,45170
4678,Yetta Jamieson,COLINAS DE ATEMAJAC,45170
4679,Yolando Edwards,COLINAS DE ATEMAJAC,45170
4680,Yone Urtuuste Masas,ARCOS VALLARTA,44130
4681,Yuette Burn,EL ZAPOTE,45050
4682,Yulanda Hussain,RESIDENCIAL GUADALUPE,45047
4683,Yulissa Saco Paliza,BETHEL ,44720
4684,Yvonne Strahovski,ZONA INDUSTRIAL,44940
4685,Zac Efron,ITALIA PROVIDENCIA,44610
4686,Zachary Levi,PROVIDENCIA ,44670
4687,Zenia Banks,LOMAS DEL VALLE,45129
4688,Zetta Connor,QUINTA VELARDE,44420
